match_id,home_team_id,away_team_id,starting_at,season_id,round_id,venue_id,state_id,result_info
19428069,53,66,2025-09-27 11:00:00+00:00,25598,372264,8909,5,Game ended in draw.
19428085,62,282,2025-10-18 11:00:00+00:00,25598,372266,8914,5,Game ended in draw.
19428086,496,273,2025-10-18 11:00:00+00:00,25598,372266,8879,5,Aberdeen won after full-time.
19428087,273,66,2025-10-26 11:30:00+00:00,25598,372267,8928,5,Hibernian won after full-time.
19428088,282,496,2025-10-25 11:00:00+00:00,25598,372267,8947,5,Dundee United won after full-time.
19428089,770,284,2025-10-25 11:00:00+00:00,25598,372267,245,5,Falkirk won after full-time.
19428090,314,53,2025-10-26 09:00:00+00:00,25598,372267,336296,5,Hearts won after full-time.
19428091,258,309,2025-10-25 11:00:00+00:00,25598,372267,8943,5,Motherwell won after full-time.
19428092,62,180,2025-10-26 12:00:00+00:00,25598,372267,8914,5,Rangers won after full-time.
19428093,53,770,2025-10-29 16:45:00+00:00,25598,372268,8909,5,Celtic won after full-time.
19428094,284,258,2025-09-20 11:00:00+00:00,25598,372268,284597,5,Dundee won after full-time.
19428095,66,62,2025-10-29 16:45:00+00:00,25598,372268,8946,5,Rangers won after full-time.
19428096,180,273,2025-10-29 16:45:00+00:00,25598,372268,8906,5,Aberdeen won after full-time.
19428097,309,282,2025-10-29 16:45:00+00:00,25598,372268,8922,5,Motherwell won after full-time.
19428100,770,180,2025-11-01 12:00:00+00:00,25598,372269,245,5,Falkirk won after full-time.
19428101,314,284,2025-11-01 12:00:00+00:00,25598,372269,336296,5,Hearts won after full-time.
19428102,258,496,2026-01-20 16:45:00+00:00,25598,372269,8943,5,Game ended in draw.
19428105,273,309,2025-11-09 12:00:00+00:00,25598,372270,8928,5,Game ended in draw.
19428106,53,180,2025-11-09 13:00:00+00:00,25598,372270,8909,5,Celtic won after full-time.
19428107,284,62,2025-11-09 12:00:00+00:00,25598,372270,284597,5,Rangers won after full-time.
19428108,770,258,2025-11-08 12:00:00+00:00,25598,372270,245,5,Game ended in draw.
19428109,496,66,2025-11-08 14:45:00+00:00,25598,372270,8879,5,Hibernian won after full-time.
19428110,314,282,2025-11-09 12:00:00+00:00,25598,372270,336296,5,Game ended in draw.
19428111,273,314,2025-11-23 12:00:00+00:00,25598,372271,8928,5,Aberdeen won after full-time.
19428112,282,770,2025-11-22 12:00:00+00:00,25598,372271,8947,5,Falkirk won after full-time.
19428113,66,284,2025-11-22 12:00:00+00:00,25598,372271,8946,5,Hibernian won after full-time.
19428114,180,309,2025-11-22 12:00:00+00:00,25598,372271,8906,5,Motherwell won after full-time.
19428115,62,258,2025-11-22 12:00:00+00:00,25598,372271,8914,5,Rangers won after full-time.
19428116,496,53,2025-11-22 17:00:00+00:00,25598,372271,8879,5,Celtic won after full-time.
19428117,284,496,2025-11-29 12:00:00+00:00,25598,372272,284597,5,Dundee won after full-time.
19428118,66,53,2025-11-30 09:00:00+00:00,25598,372272,8946,5,Celtic won after full-time.
19428119,180,282,2025-11-29 14:45:00+00:00,25598,372272,8906,5,Game ended in draw.
19428120,258,273,2025-11-30 12:00:00+00:00,25598,372272,8943,5,Aberdeen won after full-time.
19428121,309,314,2025-11-29 12:00:00+00:00,25598,372272,8922,5,Game ended in draw.
19428122,62,770,2025-11-30 11:00:00+00:00,25598,372272,8914,5,Game ended in draw.
19428123,273,496,2025-12-03 16:45:00+00:00,25598,372273,8928,5,Game ended in draw.
19428124,53,284,2025-12-03 16:45:00+00:00,25598,372273,8909,5,Celtic won after full-time.
19428125,282,62,2025-12-03 16:45:00+00:00,25598,372273,8947,5,Game ended in draw.
19428126,770,309,2025-12-03 16:45:00+00:00,25598,372273,245,5,Game ended in draw.
19428127,314,180,2025-12-03 16:45:00+00:00,25598,372273,336296,5,Game ended in draw.
19428128,258,66,2025-11-01 12:00:00+00:00,25598,372273,8943,5,Game ended in draw.
19428129,53,314,2025-12-07 12:00:00+00:00,25598,372274,8909,5,Hearts won after full-time.
19428130,284,273,2025-12-06 12:00:00+00:00,25598,372274,284597,5,Aberdeen won after full-time.
19428131,66,770,2025-12-06 12:00:00+00:00,25598,372274,8946,5,Hibernian won after full-time.
19428132,180,62,2025-12-06 17:00:00+00:00,25598,372274,8906,5,Rangers won after full-time.
19428133,309,258,2025-12-06 12:00:00+00:00,25598,372274,8922,5,Motherwell won after full-time.
19428134,496,282,2025-12-06 12:00:00+00:00,25598,372274,8879,5,St. Mirren won after full-time.
19428135,273,180,2025-12-14 12:00:00+00:00,25598,372275,8928,5,Aberdeen won after full-time.
19428136,282,309,2025-12-13 12:00:00+00:00,25598,372275,8947,5,Game ended in draw.
19428137,770,53,2026-01-14 16:45:00+00:00,25598,372275,245,5,Celtic won after full-time.
19428138,314,496,2026-01-14 16:45:00+00:00,25598,372275,336296,5,Hearts won after full-time.
19428139,258,284,2025-12-13 12:00:00+00:00,25598,372275,8943,5,Game ended in draw.
19428140,62,66,2025-12-15 16:45:00+00:00,25598,372275,8914,5,Rangers won after full-time.
19428141,53,273,2025-12-21 12:00:00+00:00,25598,372276,8909,5,Celtic won after full-time.
19428142,282,66,2025-12-20 12:00:00+00:00,25598,372276,8947,5,Game ended in draw.
19428143,314,62,2025-12-21 10:30:00+00:00,25598,372276,336296,5,Hearts won after full-time.
19428144,180,770,2025-12-20 12:00:00+00:00,25598,372276,8906,5,Falkirk won after full-time.
19428145,309,284,2025-12-20 12:00:00+00:00,25598,372276,8922,5,Motherwell won after full-time.
19428146,496,258,2025-12-20 12:00:00+00:00,25598,372276,8879,5,St. Mirren won after full-time.
19428147,66,314,2025-12-27 09:30:00+00:00,25598,372277,8946,5,Hibernian won after full-time.
19428148,273,282,2025-12-27 14:45:00+00:00,25598,372277,8928,5,Game ended in draw.
19428149,284,770,2025-12-27 12:00:00+00:00,25598,372277,284597,5,Dundee won after full-time.
19428150,258,53,2025-12-27 12:00:00+00:00,25598,372277,8943,5,Celtic won after full-time.
19428151,62,309,2025-12-27 12:00:00+00:00,25598,372277,8914,5,Rangers won after full-time.
19428152,496,180,2025-12-27 12:00:00+00:00,25598,372277,8879,5,Game ended in draw.
19428153,284,180,2025-12-30 16:45:00+00:00,25598,372278,284597,5,Dundee won after full-time.
19428154,770,314,2025-12-13 17:00:00+00:00,25598,372278,245,5,Hearts won after full-time.
19428155,66,273,2025-12-30 16:45:00+00:00,25598,372278,8946,5,Hibernian won after full-time.
19428156,258,282,2025-12-30 16:45:00+00:00,25598,372278,8943,5,Dundee United won after full-time.
19428157,309,53,2025-12-30 17:00:00+00:00,25598,372278,8922,5,Motherwell won after full-time.
19428158,62,496,2025-12-30 16:45:00+00:00,25598,372278,8914,5,Rangers won after full-time.
19428159,53,62,2026-01-03 09:30:00+00:00,25598,372279,8909,5,Rangers won after full-time.
19428160,282,284,2026-01-03 12:00:00+00:00,25598,372279,8947,5,Dundee won after full-time.
19428161,770,273,2026-01-03 12:00:00+00:00,25598,372279,245,5,Falkirk won after full-time.
19428162,314,258,2026-01-03 12:00:00+00:00,25598,372279,336296,5,Hearts won after full-time.
19428163,180,66,2026-01-03 12:00:00+00:00,25598,372279,8906,5,Hibernian won after full-time.
19428164,309,496,2026-01-03 12:00:00+00:00,25598,372279,8922,5,Motherwell won after full-time.
19428165,273,62,2026-01-11 13:30:00+00:00,25598,372280,8928,5,Rangers won after full-time.
19428166,53,282,2026-01-10 12:00:00+00:00,25598,372280,8909,5,Celtic won after full-time.
19428167,284,314,2026-01-11 11:00:00+00:00,25598,372280,284597,5,Hearts won after full-time.
19428168,66,309,2026-01-10 12:00:00+00:00,25598,372280,8946,5,Game ended in draw.
19428169,258,180,2026-01-10 12:00:00+00:00,25598,372280,8943,5,Game ended in draw.
19428170,496,770,2026-01-10 12:00:00+00:00,25598,372280,8879,5,Falkirk won after full-time.
19428171,273,258,2026-01-24 12:00:00+00:00,25598,372281,8928,5,Aberdeen won after full-time.
19428172,282,496,2026-03-03 16:45:00+00:00,25598,372281,8947,5,Dundee United won after full-time.
19428173,770,66,2026-01-24 12:00:00+00:00,25598,372281,245,5,Falkirk won after full-time.
19428174,314,53,2026-01-25 12:00:00+00:00,25598,372281,336296,5,Game ended in draw.
19428175,309,180,2026-01-24 12:00:00+00:00,25598,372281,8922,5,Motherwell won after full-time.
19428176,62,284,2026-01-25 12:00:00+00:00,25598,372281,8914,5,Rangers won after full-time.
19428177,53,770,2026-02-01 12:00:00+00:00,25598,372282,8909,5,Celtic won after full-time.
19428178,282,314,2026-01-31 17:00:00+00:00,25598,372282,8947,5,Hearts won after full-time.
19428179,66,62,2026-02-01 11:00:00+00:00,25598,372282,8946,5,Game ended in draw.
19428180,180,273,2026-01-31 12:00:00+00:00,25598,372282,8906,5,Kilmarnock won after full-time.
19428181,258,309,2026-01-31 12:00:00+00:00,25598,372282,8943,5,Motherwell won after full-time.
19428182,496,284,2026-01-31 12:00:00+00:00,25598,372282,8879,5,Game ended in draw.
19428183,273,53,2026-03-04 17:00:00+00:00,25598,372283,8928,5,Celtic won after full-time.
19428184,284,309,2026-03-07 12:00:00+00:00,25598,372283,284597,5,Dundee won after full-time.
19428185,66,282,2026-02-04 16:45:00+00:00,25598,372283,8946,5,Hibernian won after full-time.
19428186,258,770,2026-02-04 16:45:00+00:00,25598,372283,8943,5,Falkirk won after full-time.
19428187,62,180,2026-02-04 16:45:00+00:00,25598,372283,8914,5,Rangers won after full-time.
19428188,496,314,2026-02-03 17:00:00+00:00,25598,372283,8879,5,St. Mirren won after full-time.
19428189,53,258,2026-02-11 16:45:00+00:00,25598,372284,8909,5,Celtic won after full-time.
19428190,282,273,2026-02-24 16:45:00+00:00,25598,372284,8947,5,Game ended in draw.
19428191,770,284,2026-02-11 16:45:00+00:00,25598,372284,245,5,Falkirk won after full-time.
19428192,314,66,2026-02-10 17:00:00+00:00,25598,372284,336296,5,Hearts won after full-time.
19428193,180,496,2026-02-11 16:45:00+00:00,25598,372284,8906,5,Kilmarnock won after full-time.
19428194,309,62,2026-02-11 17:00:00+00:00,25598,372284,8922,5,Game ended in draw.
19428195,284,258,2026-02-14 12:00:00+00:00,25598,372285,284597,5,Game ended in draw.
19428196,770,282,2026-02-14 12:00:00+00:00,25598,372285,245,5,Dundee United won after full-time.
19428197,66,496,2026-02-14 12:00:00+00:00,25598,372285,8946,5,Hibernian won after full-time.
19428198,180,53,2026-02-15 11:00:00+00:00,25598,372285,8906,5,Celtic won after full-time.
19428199,309,273,2026-02-15 11:30:00+00:00,25598,372285,8922,5,Motherwell won after full-time.
19428200,62,314,2026-02-15 13:30:00+00:00,25598,372285,8914,5,Rangers won after full-time.
19428201,273,284,2026-02-21 12:00:00+00:00,25598,372286,8928,5,Dundee won after full-time.
19428202,53,66,2026-02-22 12:00:00+00:00,25598,372286,8909,5,Hibernian won after full-time.
19428203,282,180,2026-02-21 12:00:00+00:00,25598,372286,8947,5,Game ended in draw.
19428204,314,770,2026-02-21 12:00:00+00:00,25598,372286,336296,5,Hearts won after full-time.
19428205,258,62,2026-02-22 12:00:00+00:00,25598,372286,8943,5,Game ended in draw.
19428206,496,309,2026-02-21 16:30:00+00:00,25598,372286,8879,5,Motherwell won after full-time.
19428207,284,66,2026-02-28 12:00:00+00:00,25598,372287,284597,5,Game ended in draw.
19428208,770,180,2026-02-28 12:00:00+00:00,25598,372287,245,5,Falkirk won after full-time.
19428209,314,273,2026-02-28 12:00:00+00:00,25598,372287,336296,5,Hearts won after full-time.
19428210,258,496,2026-02-28 12:00:00+00:00,25598,372287,8943,5,Game ended in draw.
19428211,309,282,2026-02-28 12:00:00+00:00,25598,372287,8922,5,Motherwell won after full-time.
19428221,314,284,2026-03-21 12:00:00+00:00,25598,372289,336296,5,Hearts won after full-time.
19428222,180,258,2026-03-21 12:00:00+00:00,25598,372289,8906,5,Kilmarnock won after full-time.
19428223,309,66,2026-03-21 12:00:00+00:00,25598,372289,8922,5,Game ended in draw.
19428224,62,273,2026-03-21 14:45:00+00:00,25598,372289,8914,5,Rangers won after full-time.
19428225,284,53,2026-04-05 12:30:00+00:00,25598,372290,284597,5,Celtic won after full-time.
19428226,66,180,2026-04-04 11:00:00+00:00,25598,372290,8946,5,Hibernian won after full-time.
19428227,258,314,2026-04-05 10:00:00+00:00,25598,372290,8943,5,Game ended in draw.
19428228,309,770,2026-04-04 11:00:00+00:00,25598,372290,8922,5,Falkirk won after full-time.
19428068,62,314,2025-09-13 11:00:00+00:00,25598,372263,8914,5,Hearts won after full-time.
19428070,282,180,2025-09-27 11:00:00+00:00,25598,372264,8947,5,Kilmarnock won after full-time.
19428071,314,770,2025-09-27 11:00:00+00:00,25598,372264,336296,5,Hearts won after full-time.
19428072,258,62,2025-09-28 11:00:00+00:00,25598,372264,8943,5,Rangers won after full-time.
19428073,309,273,2025-09-27 13:45:00+00:00,25598,372264,8922,5,Motherwell won after full-time.
19428074,496,284,2025-09-27 11:00:00+00:00,25598,372264,8879,5,St. Mirren won after full-time.
19428075,273,284,2025-10-05 11:00:00+00:00,25598,372265,8928,5,Aberdeen won after full-time.
19428076,53,309,2025-10-05 11:00:00+00:00,25598,372265,8909,5,Celtic won after full-time.
19428077,282,258,2025-10-04 11:00:00+00:00,25598,372265,8947,5,Game ended in draw.
19428078,770,62,2025-10-05 11:00:00+00:00,25598,372265,245,5,Game ended in draw.
19428079,314,66,2025-10-04 13:45:00+00:00,25598,372265,336296,5,Hearts won after full-time.
19428080,180,496,2025-10-04 11:00:00+00:00,25598,372265,8906,5,Kilmarnock won after full-time.
19428081,284,53,2025-10-19 08:00:00+00:00,25598,372266,284597,5,Dundee won after full-time.
19428082,66,258,2025-10-18 11:00:00+00:00,25598,372266,8946,5,Hibernian won after full-time.
19428083,180,314,2025-10-18 13:45:00+00:00,25598,372266,8906,5,Hearts won after full-time.
19428084,309,770,2025-10-18 11:00:00+00:00,25598,372266,8922,5,Falkirk won after full-time.
19428229,62,282,2026-04-04 11:00:00+00:00,25598,372290,8914,5,Rangers won after full-time.
19590624,62,273,2026-01-06 17:00:00+00:00,25598,372269,8914,5,Rangers won after full-time.
19592463,282,53,2026-03-22 09:30:00+00:00,25598,372289,8947,5,Dundee United won after full-time.
19700202,496,282,2026-05-17 10:00:00+00:00,25598,405706,8879,5,Game ended in draw.
19700203,258,180,2026-05-17 10:00:00+00:00,25598,405706,8943,5,Kilmarnock won after full-time.
19700204,284,273,2026-05-17 10:00:00+00:00,25598,405706,284597,5,Dundee won after full-time.
19700205,66,309,2026-05-16 08:30:00+00:00,25598,405706,8946,5,Motherwell won after full-time.
19700206,770,62,2026-05-16 08:30:00+00:00,25598,405706,245,5,Rangers won after full-time.
19700213,273,496,2026-05-12 15:45:00+00:00,25598,405707,8928,5,St. Mirren won after full-time.
19700214,53,62,2026-05-10 08:00:00+00:00,25598,405708,8909,5,Celtic won after full-time.
19700215,309,314,2026-05-09 16:00:00+00:00,25598,405708,8922,5,Game ended in draw.
19700216,496,180,2026-05-09 11:00:00+00:00,25598,405708,8879,5,Kilmarnock won after full-time.
19700217,284,258,2026-05-09 11:00:00+00:00,25598,405708,284597,5,Dundee won after full-time.
19700218,273,282,2026-05-09 11:00:00+00:00,25598,405708,8928,5,Aberdeen won after full-time.
19700219,770,66,2026-05-09 11:00:00+00:00,25598,405708,245,5,Hibernian won after full-time.
19700220,314,62,2026-05-04 13:30:00+00:00,25598,405709,336296,5,Hearts won after full-time.
19700221,66,53,2026-05-03 08:00:00+00:00,25598,405709,8946,5,Celtic won after full-time.
19700222,180,282,2026-05-02 11:00:00+00:00,25598,405709,8906,5,Kilmarnock won after full-time.
19700223,284,496,2026-05-02 11:00:00+00:00,25598,405709,284597,5,Dundee won after full-time.
19700224,770,309,2026-05-02 11:00:00+00:00,25598,405709,245,5,Falkirk won after full-time.
19700225,258,273,2026-05-01 15:45:00+00:00,25598,405709,8943,5,Game ended in draw.
19700226,66,314,2026-04-26 12:30:00+00:00,25598,405710,8946,5,Hearts won after full-time.
19700227,62,309,2026-04-26 11:00:00+00:00,25598,405710,8914,5,Motherwell won after full-time.
19700228,282,284,2026-04-26 10:00:00+00:00,25598,405710,8947,5,Dundee United won after full-time.
19700229,53,770,2026-04-25 13:30:00+00:00,25598,405710,8909,5,Celtic won after full-time.
19700230,496,258,2026-04-25 11:00:00+00:00,25598,405710,8879,5,Livingston won after full-time.
19700231,273,180,2026-04-25 11:00:00+00:00,25598,405710,8928,5,Aberdeen won after full-time.
19428039,180,258,2025-08-02 11:00:00+00:00,25598,372259,8906,5,Game ended in draw.
19428040,309,62,2025-08-02 13:30:00+00:00,25598,372259,8922,5,Game ended in draw.
19428041,770,282,2025-08-03 10:00:00+00:00,25598,372259,245,5,Game ended in draw.
19428042,284,66,2025-08-03 11:00:00+00:00,25598,372259,284597,5,Hibernian won after full-time.
19428043,53,496,2025-08-03 12:30:00+00:00,25598,372259,8909,5,Celtic won after full-time.
19428044,314,273,2025-08-04 16:00:00+00:00,25598,372259,336296,5,Hearts won after full-time.
19428045,282,314,2025-08-10 11:00:00+00:00,25598,372260,8947,5,Hearts won after full-time.
19428046,66,180,2025-08-10 11:00:00+00:00,25598,372260,8946,5,Game ended in draw.
19428047,258,770,2025-08-09 11:00:00+00:00,25598,372260,8943,5,Livingston won after full-time.
19428048,496,309,2025-08-09 11:00:00+00:00,25598,372260,8879,5,Game ended in draw.
19428049,62,284,2025-08-09 13:45:00+00:00,25598,372260,8914,5,Game ended in draw.
19428050,273,53,2025-08-10 08:30:00+00:00,25598,372260,8928,5,Celtic won after full-time.
19428051,53,258,2025-08-23 11:00:00+00:00,25598,372261,8909,5,Celtic won after full-time.
19428052,282,273,2025-09-23 15:45:00+00:00,25598,372261,8947,5,Dundee United won after full-time.
19428053,770,66,2025-09-23 15:45:00+00:00,25598,372261,245,5,Game ended in draw.
19428054,314,309,2025-08-23 11:00:00+00:00,25598,372261,336296,5,Game ended in draw.
19428055,180,284,2025-08-23 11:00:00+00:00,25598,372261,8906,5,Game ended in draw.
19428056,496,62,2025-08-24 08:00:00+00:00,25598,372261,8879,5,Game ended in draw.
19428057,273,770,2025-08-31 11:00:00+00:00,25598,372262,8928,5,Falkirk won after full-time.
19428058,284,282,2025-08-31 10:00:00+00:00,25598,372262,284597,5,Dundee United won after full-time.
19428059,66,496,2025-08-31 11:00:00+00:00,25598,372262,8946,5,Game ended in draw.
19428060,258,314,2025-08-30 11:00:00+00:00,25598,372262,8943,5,Hearts won after full-time.
19428061,309,180,2025-08-30 11:00:00+00:00,25598,372262,8922,5,Game ended in draw.
19428062,62,53,2025-08-31 08:00:00+00:00,25598,372262,8914,5,Game ended in draw.
19428063,273,258,2025-09-13 11:00:00+00:00,25598,372263,8928,5,Game ended in draw.
19428064,284,309,2025-09-13 11:00:00+00:00,25598,372263,284597,5,Game ended in draw.
19428065,770,496,2025-09-13 11:00:00+00:00,25598,372263,245,5,St. Mirren won after full-time.
19428066,66,282,2025-09-13 13:45:00+00:00,25598,372263,8946,5,Game ended in draw.
19428067,180,53,2025-09-14 11:00:00+00:00,25598,372263,8906,5,Celtic won after full-time.
19428098,496,314,2025-10-29 16:45:00+00:00,25598,372268,8879,5,Game ended in draw.
19428212,62,53,2026-03-01 09:00:00+00:00,25598,372287,8914,5,Game ended in draw.
19428213,273,770,2026-03-14 12:00:00+00:00,25598,372288,8928,5,Game ended in draw.
19428214,53,309,2026-03-14 12:00:00+00:00,25598,372288,8909,5,Celtic won after full-time.
19428215,284,282,2026-03-15 11:00:00+00:00,25598,372288,284597,5,Game ended in draw.
19428216,66,258,2026-03-14 12:00:00+00:00,25598,372288,8946,5,Game ended in draw.
19428217,180,314,2026-03-14 17:00:00+00:00,25598,372288,8906,5,Kilmarnock won after full-time.
19428218,496,62,2026-03-15 09:00:00+00:00,25598,372288,8879,5,Rangers won after full-time.
19428219,282,53,2025-12-17 17:00:00+00:00,25598,372269,8947,5,Dundee United won after full-time.
19428220,770,496,2026-03-21 12:00:00+00:00,25598,372289,245,5,St. Mirren won after full-time.
19428230,496,273,2026-04-04 11:00:00+00:00,25598,372290,8879,5,St. Mirren won after full-time.
19428231,273,66,2026-04-11 11:00:00+00:00,25598,372291,8928,5,Aberdeen won after full-time.
19428232,53,496,2026-04-11 11:00:00+00:00,25598,372291,8909,5,Celtic won after full-time.
19428233,282,258,2026-04-11 11:00:00+00:00,25598,372291,8947,5,Dundee United won after full-time.
19428234,770,62,2026-04-12 08:00:00+00:00,25598,372291,245,5,Rangers won after full-time.
19428235,314,309,2026-04-11 11:00:00+00:00,25598,372291,336296,5,Hearts won after full-time.
19428236,180,284,2026-04-11 11:00:00+00:00,25598,372291,8906,5,Game ended in draw.
19590623,309,66,2025-11-25 16:45:00+00:00,25598,372269,8922,5,Motherwell won after full-time.
19700207,53,314,2026-05-16 08:30:00+00:00,25598,405706,8909,5,Celtic won after full-time.
19700208,62,66,2026-05-13 16:00:00+00:00,25598,405707,8914,5,Hibernian won after full-time.
19700209,309,53,2026-05-13 16:00:00+00:00,25598,405707,8922,5,Celtic won after full-time.
19700210,314,770,2026-05-13 16:00:00+00:00,25598,405707,336296,5,Hearts won after full-time.
19700211,180,284,2026-05-12 15:45:00+00:00,25598,405707,8906,5,Kilmarnock won after full-time.
19700212,282,258,2026-05-12 15:45:00+00:00,25598,405707,8947,5,Game ended in draw.
