match_id,team_id,corners,ball_possession,goals,assists,successful_dribbles_percentage,yellowcards,redcards
19428043,53,12,76.0,1.0,1.0,43.0,2.0,
19428044,273,3,52.0,0.0,,48.0,2.0,
19428044,314,3,48.0,2.0,,52.0,3.0,
19428045,314,9,72.0,3.0,2.0,33.0,4.0,
19428045,282,2,28.0,2.0,1.0,42.0,3.0,
19428046,180,7,40.0,2.0,0.0,75.0,2.0,
19428046,66,4,60.0,2.0,2.0,34.0,1.0,
19428047,770,5,59.0,1.0,1.0,50.0,2.0,
19428047,258,4,41.0,3.0,3.0,71.0,4.0,
19428048,309,4,66.0,,,43.0,1.0,
19428048,496,7,34.0,,,44.0,5.0,
19428049,284,4,24.0,1.0,1.0,0.0,1.0,0.0
19428049,62,7,76.0,1.0,0.0,46.0,2.0,1.0
19428050,53,6,71.0,2.0,2.0,56.0,3.0,
19428050,273,1,29.0,0.0,0.0,64.0,2.0,
19428051,258,4,22.0,0.0,0.0,20.0,1.0,
19428051,53,10,78.0,3.0,1.0,60.0,0.0,
19428052,273,3,57.0,0.0,0.0,75.0,1.0,
19428052,282,11,43.0,2.0,1.0,71.0,2.0,
19428053,66,5,49.0,2.0,1.0,60.0,2.0,
19428053,770,5,51.0,2.0,2.0,44.0,2.0,
19428054,309,3,51.0,3.0,3.0,50.0,2.0,
19428054,314,9,49.0,3.0,1.0,54.0,3.0,
19428055,284,3,46.0,,,50.0,3.0,
19428055,180,7,54.0,,,58.0,3.0,
19428056,62,6,71.0,1.0,1.0,41.0,3.0,
19428056,496,6,29.0,1.0,1.0,78.0,3.0,
19428057,770,6,62.0,1.0,,42.0,5.0,0.0
19428057,273,5,38.0,0.0,,45.0,3.0,1.0
19428058,282,2,46.0,2.0,1.0,62.0,1.0,
19428058,284,3,54.0,0.0,0.0,42.0,0.0,
19428059,496,7,45.0,1.0,1.0,83.0,1.0,
19428059,66,10,55.0,1.0,0.0,40.0,1.0,
19428060,314,9,60.0,2.0,2.0,50.0,2.0,
19428060,258,5,40.0,1.0,1.0,55.0,7.0,
19428061,180,0,26.0,2.0,1.0,71.0,5.0,
19428061,309,9,74.0,2.0,0.0,55.0,2.0,
19428062,53,1,59.0,,,46.0,0.0,
19428062,62,8,41.0,,,26.0,3.0,
19428063,258,6,43.0,,,50.0,3.0,
19428063,273,6,57.0,,,42.0,4.0,
19428064,309,6,66.0,1.0,1.0,41.0,1.0,0.0
19428064,284,2,34.0,1.0,1.0,29.0,1.0,1.0
19428065,496,2,40.0,2.0,1.0,71.0,2.0,
19428065,770,4,60.0,1.0,1.0,22.0,1.0,
19428066,282,4,45.0,3.0,3.0,50.0,4.0,1.0
19428066,66,6,55.0,3.0,0.0,70.0,2.0,0.0
19428067,53,7,76.0,2.0,1.0,56.0,3.0,
19428067,180,6,24.0,1.0,1.0,50.0,2.0,
19428068,314,2,33.0,2.0,1.0,55.0,1.0,
19428068,62,9,67.0,0.0,0.0,58.0,2.0,
19428069,66,2,23.0,,,100.0,1.0,
19428069,53,7,77.0,,,33.0,2.0,
19428070,180,6,40.0,2.0,2.0,29.0,2.0,
19428070,282,9,60.0,0.0,0.0,64.0,4.0,
19428071,770,5,52.0,0.0,0.0,41.0,1.0,
19428071,314,9,48.0,3.0,1.0,50.0,0.0,
19428072,62,8,65.0,2.0,2.0,38.0,1.0,
19428072,258,4,35.0,1.0,1.0,30.0,4.0,
19428073,273,4,37.0,0.0,0.0,40.0,3.0,
19428073,309,3,63.0,2.0,1.0,40.0,0.0,
19428074,284,5,47.0,0.0,0.0,50.0,2.0,
19428074,496,5,53.0,1.0,1.0,50.0,3.0,
19428075,284,2,37.0,0.0,0.0,31.0,0.0,
19428075,273,11,63.0,4.0,2.0,64.0,1.0,
19428076,309,0,38.0,2.0,1.0,43.0,0.0,
19428076,53,10,62.0,3.0,1.0,20.0,2.0,
19428077,258,5,56.0,1.0,1.0,39.0,1.0,
19428077,282,4,44.0,1.0,1.0,56.0,1.0,
19428078,62,6,57.0,1.0,1.0,49.0,4.0,
19428078,770,7,43.0,1.0,0.0,44.0,1.0,
19428079,66,2,38.0,0.0,0.0,38.0,1.0,
19428079,314,4,62.0,1.0,1.0,56.0,2.0,
19428080,496,9,64.0,0.0,0.0,53.0,2.0,
19428080,180,4,36.0,2.0,1.0,36.0,1.0,
19428081,53,12,82.0,0.0,0.0,43.0,2.0,
19428081,284,2,18.0,2.0,1.0,33.0,2.0,
19428082,258,10,53.0,0.0,0.0,71.0,2.0,
19428082,66,7,47.0,4.0,3.0,69.0,1.0,
19428083,314,5,59.0,3.0,2.0,0.0,2.0,
19428083,180,4,41.0,0.0,0.0,27.0,3.0,
19428084,770,4,33.0,2.0,1.0,45.0,5.0,
19428084,309,6,67.0,1.0,1.0,47.0,1.0,
19428085,282,2,32.0,2.0,2.0,21.0,4.0,
19428085,62,7,68.0,2.0,2.0,48.0,0.0,
19428086,273,2,51.0,1.0,1.0,57.0,4.0,0.0
19428086,496,6,49.0,0.0,0.0,80.0,2.0,1.0
19428087,66,3,46.0,2.0,2.0,68.0,2.0,
19428087,273,6,54.0,1.0,0.0,44.0,0.0,
19428088,496,12,55.0,1.0,0.0,25.0,1.0,1.0
19428088,282,4,45.0,3.0,1.0,73.0,1.0,0.0
19428089,284,3,34.0,1.0,1.0,33.0,2.0,
19428089,770,5,66.0,2.0,0.0,46.0,2.0,
19428090,53,9,65.0,1.0,1.0,50.0,1.0,
19428090,314,5,35.0,3.0,0.0,57.0,4.0,
19428091,309,3,65.0,2.0,1.0,52.0,2.0,
19428091,258,0,35.0,1.0,0.0,40.0,2.0,
19428092,180,2,25.0,1.0,1.0,56.0,2.0,
19428092,62,8,75.0,3.0,2.0,53.0,2.0,
19428093,770,3,40.0,0.0,0.0,27.0,2.0,
19428093,53,6,60.0,4.0,2.0,36.0,1.0,
19428094,258,3,59.0,2.0,0.0,59.0,3.0,
19428094,284,8,41.0,3.0,2.0,52.0,1.0,
19428095,62,4,51.0,1.0,1.0,53.0,3.0,
19428095,66,5,49.0,0.0,0.0,36.0,2.0,
19428096,273,2,43.0,1.0,,75.0,6.0,
19428096,180,7,57.0,0.0,,20.0,4.0,
19428097,282,2,40.0,0.0,0.0,50.0,2.0,
19428097,309,4,60.0,2.0,2.0,75.0,1.0,
19428098,314,7,52.0,2.0,0.0,55.0,2.0,
19428098,496,6,48.0,2.0,1.0,36.0,2.0,
19428100,180,6,51.0,1.0,1.0,24.0,1.0,
19428100,770,2,49.0,3.0,2.0,61.0,0.0,
19428101,284,2,33.0,0.0,0.0,60.0,2.0,
19428101,314,6,67.0,4.0,2.0,71.0,0.0,
19428102,496,4,44.0,1.0,1.0,41.0,3.0,
19428102,258,3,56.0,1.0,1.0,48.0,3.0,
19428105,309,6,65.0,1.0,1.0,34.0,1.0,
19428105,273,4,35.0,1.0,1.0,44.0,4.0,
19428106,180,7,25.0,0.0,0.0,17.0,2.0,
19428106,53,8,75.0,4.0,2.0,42.0,2.0,
19428107,62,6,54.0,3.0,1.0,38.0,1.0,
19428107,284,4,46.0,0.0,0.0,43.0,0.0,
19428108,258,1,57.0,1.0,,60.0,2.0,
19428108,770,6,43.0,1.0,,40.0,3.0,
19428109,66,6,54.0,3.0,3.0,45.0,1.0,
19428109,496,5,46.0,0.0,0.0,33.0,4.0,
19428110,282,3,37.0,1.0,1.0,53.0,4.0,
19428110,314,4,63.0,1.0,0.0,18.0,2.0,
19428111,314,3,60.0,0.0,,37.0,4.0,
19428111,273,6,40.0,1.0,,41.0,3.0,
19428112,770,5,57.0,3.0,1.0,50.0,3.0,
19428112,282,5,43.0,0.0,0.0,60.0,3.0,
19428113,284,3,43.0,0.0,0.0,44.0,1.0,
19428113,66,8,57.0,2.0,2.0,40.0,2.0,
19428114,309,3,59.0,3.0,1.0,41.0,5.0,
19428114,180,3,41.0,1.0,1.0,56.0,1.0,
19428115,258,1,27.0,1.0,1.0,44.0,4.0,
19428115,62,2,73.0,2.0,2.0,55.0,2.0,
19428116,53,4,73.0,1.0,1.0,46.0,1.0,
19428116,496,2,27.0,0.0,0.0,67.0,2.0,
19428117,496,11,62.0,1.0,0.0,89.0,2.0,
19428117,284,1,38.0,3.0,2.0,30.0,0.0,
19428118,53,3,60.0,2.0,1.0,33.0,3.0,
19428118,66,4,40.0,1.0,0.0,25.0,3.0,
19428119,282,3,54.0,1.0,1.0,75.0,2.0,
19428119,180,3,46.0,1.0,0.0,33.0,3.0,
19428120,273,4,44.0,1.0,1.0,62.0,1.0,
19428120,258,7,56.0,0.0,0.0,38.0,1.0,
19428121,314,4,45.0,,,42.0,4.0,
19428121,309,3,55.0,,,59.0,2.0,
19428122,770,5,39.0,,,33.0,3.0,
19428122,62,4,61.0,,,56.0,0.0,
19428123,496,6,33.0,3.0,2.0,38.0,1.0,
19428123,273,8,67.0,3.0,1.0,47.0,0.0,
19428124,284,0,29.0,0.0,,50.0,0.0,
19428124,53,6,71.0,1.0,,39.0,3.0,
19428125,62,9,67.0,2.0,0.0,45.0,3.0,
19428125,282,8,33.0,2.0,1.0,75.0,3.0,
19428126,309,3,63.0,,,56.0,0.0,
19428126,770,6,37.0,,,50.0,2.0,
19428127,180,1,35.0,1.0,0.0,31.0,2.0,
19428127,314,9,65.0,1.0,1.0,46.0,1.0,
19428128,66,1,52.0,2.0,2.0,61.0,3.0,
19428128,258,6,48.0,2.0,1.0,64.0,3.0,
19428129,314,3,28.0,2.0,1.0,8.0,3.0,
19428129,53,5,72.0,1.0,1.0,36.0,1.0,
19428130,273,4,46.0,3.0,1.0,79.0,1.0,
19428130,284,6,54.0,1.0,1.0,31.0,2.0,
19428131,770,4,58.0,0.0,0.0,33.0,4.0,
19428131,66,10,42.0,3.0,2.0,65.0,1.0,
19428132,62,2,60.0,3.0,3.0,53.0,2.0,
19428132,180,7,40.0,0.0,0.0,50.0,2.0,
19428133,258,5,42.0,0.0,0.0,44.0,3.0,
19428133,309,4,58.0,3.0,1.0,43.0,2.0,
19428134,282,2,61.0,0.0,0.0,38.0,2.0,
19428134,496,3,39.0,2.0,1.0,50.0,2.0,
19428135,180,3,32.0,1.0,1.0,30.0,5.0,
19428135,273,9,68.0,2.0,1.0,21.0,2.0,
19428136,309,4,69.0,,,45.0,3.0,
19428136,282,1,31.0,,,36.0,3.0,
19428137,53,4,57.0,1.0,1.0,56.0,1.0,
19428137,770,3,43.0,0.0,0.0,60.0,0.0,
19428138,496,5,60.0,0.0,0.0,31.0,1.0,0.0
19428138,314,3,40.0,2.0,1.0,32.0,0.0,1.0
19428139,284,0,35.0,2.0,1.0,42.0,2.0,0.0
19428139,258,7,65.0,2.0,2.0,33.0,2.0,1.0
19428140,66,5,48.0,0.0,0.0,30.0,3.0,
19428140,62,5,52.0,1.0,1.0,47.0,1.0,
19428141,273,4,27.0,1.0,1.0,73.0,2.0,1.0
19428141,53,8,73.0,3.0,3.0,67.0,1.0,0.0
19428142,66,7,59.0,1.0,1.0,45.0,2.0,
19428142,282,5,41.0,1.0,1.0,40.0,2.0,
19428143,62,10,58.0,1.0,1.0,75.0,1.0,
19428143,314,6,42.0,2.0,2.0,29.0,2.0,
19428144,770,2,45.0,1.0,1.0,36.0,1.0,
19428039,258,5,64.0,2.0,1.0,36.0,2.0,0.0
19428039,180,3,36.0,2.0,1.0,25.0,2.0,1.0
19428040,62,12,62.0,1.0,1.0,50.0,4.0,
19428040,309,1,38.0,1.0,1.0,46.0,1.0,
19428041,282,4,48.0,2.0,1.0,60.0,5.0,
19428041,770,2,52.0,2.0,2.0,32.0,1.0,
19428042,66,11,68.0,2.0,0.0,25.0,1.0,
19428042,284,3,32.0,1.0,1.0,70.0,3.0,
19428043,496,1,24.0,0.0,0.0,40.0,1.0,
19428144,180,2,55.0,0.0,0.0,57.0,2.0,
19428145,284,3,40.0,0.0,0.0,67.0,2.0,
19428145,309,2,60.0,1.0,1.0,47.0,1.0,
19428146,258,4,42.0,0.0,0.0,57.0,1.0,
19428146,496,7,58.0,1.0,1.0,47.0,0.0,
19428147,314,8,67.0,2.0,1.0,45.0,0.0,
19428147,66,3,33.0,3.0,3.0,22.0,1.0,
19428148,282,5,28.0,1.0,,100.0,3.0,
19428148,273,9,72.0,1.0,,50.0,2.0,
19428149,770,9,58.0,0.0,,29.0,2.0,0.0
19428149,284,1,42.0,1.0,,29.0,3.0,1.0
19428150,53,4,66.0,4.0,3.0,57.0,0.0,
19428150,258,11,34.0,2.0,1.0,38.0,1.0,
19428151,309,1,54.0,0.0,,55.0,1.0,
19428151,62,5,46.0,1.0,,58.0,3.0,
19428152,180,4,41.0,,,53.0,0.0,
19428152,496,11,59.0,,,79.0,1.0,
19428153,180,5,43.0,1.0,0.0,29.0,4.0,
19428153,284,7,57.0,2.0,1.0,64.0,2.0,
19428154,314,7,53.0,2.0,1.0,35.0,2.0,
19428154,770,3,47.0,0.0,0.0,47.0,2.0,
19428155,273,5,42.0,0.0,0.0,50.0,2.0,
19428155,66,4,58.0,2.0,2.0,76.0,1.0,
19428156,282,7,44.0,3.0,0.0,59.0,0.0,
19428156,258,2,56.0,1.0,1.0,50.0,4.0,
19428157,53,3,57.0,0.0,0.0,47.0,4.0,
19428157,309,1,43.0,2.0,1.0,20.0,0.0,
19428158,496,4,41.0,1.0,0.0,22.0,2.0,
19428158,62,5,59.0,2.0,2.0,64.0,1.0,
19428159,62,5,34.0,3.0,2.0,46.0,3.0,
19428159,53,8,66.0,1.0,1.0,58.0,0.0,
19428160,284,2,45.0,1.0,,46.0,1.0,
19428160,282,8,55.0,0.0,,40.0,2.0,
19428161,273,4,44.0,0.0,0.0,42.0,4.0,
19428161,770,5,56.0,1.0,1.0,35.0,2.0,
19428162,258,3,37.0,0.0,0.0,56.0,3.0,
19428162,314,7,63.0,1.0,1.0,43.0,0.0,
19428163,66,3,56.0,3.0,1.0,33.0,3.0,0.0
19428163,180,5,44.0,1.0,0.0,50.0,3.0,1.0
19428164,496,8,45.0,0.0,0.0,57.0,4.0,
19428164,309,9,55.0,2.0,2.0,53.0,0.0,
19428165,62,6,48.0,2.0,1.0,54.0,3.0,
19428165,273,6,52.0,0.0,0.0,42.0,2.0,
19428166,282,3,22.0,0.0,0.0,33.0,0.0,
19428166,53,11,78.0,4.0,2.0,69.0,1.0,
19428167,314,4,47.0,1.0,1.0,71.0,0.0,1.0
19428167,284,6,53.0,0.0,0.0,45.0,2.0,0.0
19428168,309,4,54.0,1.0,1.0,56.0,5.0,
19428168,66,4,46.0,1.0,1.0,38.0,2.0,
19428169,180,5,39.0,1.0,0.0,40.0,1.0,
19428169,258,7,61.0,1.0,1.0,50.0,4.0,
19428170,770,8,62.0,2.0,,29.0,1.0,
19428170,496,4,38.0,0.0,,40.0,2.0,
19428171,258,2,39.0,2.0,0.0,40.0,2.0,1.0
19428171,273,8,61.0,6.0,5.0,58.0,4.0,1.0
19428172,496,4,47.0,1.0,1.0,22.0,1.0,
19428172,282,8,53.0,2.0,0.0,62.0,2.0,
19428173,66,4,49.0,1.0,1.0,29.0,2.0,
19428173,770,7,51.0,4.0,3.0,53.0,2.0,
19428174,53,2,45.0,2.0,1.0,40.0,6.0,1.0
19428174,314,2,55.0,2.0,2.0,29.0,3.0,0.0
19428175,180,1,27.0,0.0,0.0,25.0,2.0,1.0
19428175,309,2,73.0,4.0,4.0,29.0,0.0,0.0
19428176,284,1,46.0,0.0,0.0,31.0,1.0,
19428176,62,7,54.0,3.0,1.0,81.0,1.0,
19428177,770,4,42.0,0.0,0.0,54.0,2.0,
19428177,53,9,58.0,2.0,2.0,53.0,0.0,
19428178,314,6,70.0,3.0,1.0,42.0,1.0,0.0
19428178,282,0,30.0,0.0,0.0,46.0,3.0,2.0
19428179,62,8,55.0,,,61.0,2.0,
19428179,66,9,45.0,,,40.0,3.0,
19428180,273,3,45.0,0.0,0.0,58.0,3.0,1.0
19428180,180,7,55.0,3.0,3.0,40.0,3.0,0.0
19428181,309,7,51.0,2.0,2.0,35.0,0.0,
19428181,258,7,49.0,0.0,0.0,67.0,1.0,
19428182,284,6,60.0,,,31.0,,0.0
19428182,496,5,40.0,,,43.0,,1.0
19428203,282,6,40.0,1.0,1.0,50.0,1.0,0.0
19428204,770,4,51.0,0.0,,60.0,3.0,
19428204,314,8,49.0,1.0,,21.0,1.0,
19428205,62,15,73.0,2.0,2.0,30.0,2.0,0.0
19428205,258,3,27.0,2.0,2.0,29.0,3.0,1.0
19428206,309,7,71.0,5.0,4.0,62.0,0.0,0.0
19428206,496,4,29.0,0.0,0.0,69.0,4.0,1.0
19428207,66,6,57.0,3.0,3.0,75.0,4.0,
19428207,284,6,43.0,3.0,3.0,10.0,1.0,
19428208,180,2,50.0,1.0,0.0,50.0,2.0,
19428208,770,3,50.0,5.0,3.0,38.0,3.0,
19428209,273,4,47.0,0.0,0.0,47.0,5.0,
19428209,314,7,53.0,1.0,1.0,50.0,3.0,
19428210,496,2,49.0,1.0,1.0,63.0,2.0,
19428210,258,7,51.0,1.0,1.0,44.0,1.0,
19428211,282,3,38.0,0.0,0.0,57.0,3.0,
19428211,309,5,62.0,2.0,1.0,43.0,2.0,
19428212,53,7,55.0,2.0,1.0,46.0,1.0,
19428212,62,6,45.0,2.0,1.0,47.0,2.0,
19428213,770,10,58.0,1.0,1.0,42.0,0.0,
19428213,273,4,42.0,1.0,0.0,27.0,1.0,
19428214,309,3,53.0,1.0,1.0,47.0,2.0,1.0
19428214,53,2,47.0,3.0,0.0,40.0,4.0,0.0
19428215,282,7,43.0,2.0,1.0,73.0,4.0,
19428215,284,4,57.0,2.0,0.0,67.0,1.0,
19428216,258,0,25.0,,,63.0,1.0,
19428216,66,12,75.0,,,43.0,2.0,
19428217,314,9,61.0,0.0,,47.0,2.0,
19428217,180,2,39.0,1.0,,74.0,2.0,
19428218,62,11,53.0,1.0,1.0,44.0,1.0,
19428218,496,1,47.0,0.0,0.0,28.0,0.0,
19428219,53,6,73.0,1.0,1.0,39.0,1.0,
19428219,282,7,27.0,2.0,2.0,15.0,2.0,
19428220,496,4,42.0,2.0,2.0,31.0,2.0,
19590623,309,0,70.0,2.0,,43.0,0.0,0.0
19590624,273,4,36.0,0.0,0.0,58.0,2.0,
19590624,62,7,64.0,2.0,2.0,52.0,0.0,
19592463,53,6,74.0,0.0,0.0,45.0,2.0,
19592463,282,7,26.0,2.0,1.0,62.0,2.0,
19700202,282,2,51.0,1.0,1.0,60.0,2.0,
19700202,496,10,49.0,1.0,0.0,58.0,0.0,
19700203,180,1,48.0,4.0,4.0,61.0,2.0,
19700203,258,6,52.0,1.0,1.0,45.0,1.0,
19700204,273,2,44.0,2.0,1.0,40.0,,
19700204,284,7,56.0,3.0,2.0,29.0,,
19700205,309,4,51.0,1.0,1.0,42.0,5.0,1.0
19700205,66,7,49.0,0.0,0.0,40.0,5.0,0.0
19700206,62,4,45.0,5.0,3.0,45.0,0.0,
19700206,770,7,55.0,2.0,0.0,63.0,3.0,
19700207,314,6,33.0,1.0,1.0,56.0,3.0,
19700207,53,9,67.0,3.0,2.0,50.0,6.0,
19700208,66,3,28.0,2.0,2.0,57.0,2.0,
19700208,62,9,72.0,1.0,0.0,44.0,2.0,
19700209,53,3,52.0,3.0,1.0,36.0,3.0,
19428183,53,6,62.0,2.0,2.0,33.0,2.0,
19428183,273,6,38.0,1.0,0.0,37.0,2.0,
19428184,309,1,67.0,1.0,0.0,38.0,2.0,
19428184,284,3,33.0,2.0,1.0,44.0,4.0,
19428185,282,6,50.0,2.0,1.0,58.0,0.0,
19428185,66,4,50.0,3.0,2.0,25.0,2.0,
19428186,770,4,56.0,2.0,2.0,42.0,4.0,
19428186,258,6,44.0,1.0,1.0,47.0,3.0,
19428187,180,1,31.0,1.0,0.0,62.0,2.0,1.0
19428187,62,10,69.0,5.0,4.0,56.0,1.0,0.0
19428188,314,2,46.0,0.0,0.0,13.0,1.0,1.0
19428188,496,7,54.0,1.0,1.0,45.0,1.0,0.0
19428189,258,3,21.0,1.0,0.0,75.0,4.0,
19428189,53,10,79.0,2.0,1.0,69.0,2.0,
19428190,273,6,57.0,,,16.0,,
19428190,282,4,43.0,,,45.0,,
19428191,284,4,50.0,0.0,,48.0,1.0,
19428191,770,4,50.0,1.0,,20.0,3.0,
19428192,66,8,48.0,0.0,0.0,27.0,3.0,
19428192,314,4,52.0,1.0,1.0,29.0,0.0,
19428193,496,4,42.0,3.0,2.0,64.0,3.0,
19428193,180,9,58.0,4.0,2.0,50.0,1.0,
19428194,62,3,36.0,1.0,1.0,29.0,5.0,0.0
19428194,309,6,64.0,1.0,1.0,29.0,2.0,1.0
19428195,258,2,29.0,2.0,0.0,56.0,2.0,
19428195,284,10,71.0,2.0,2.0,55.0,2.0,
19428196,282,5,41.0,3.0,2.0,39.0,3.0,0.0
19428196,770,4,59.0,2.0,2.0,47.0,1.0,1.0
19428197,496,8,42.0,0.0,0.0,63.0,3.0,
19428197,66,6,58.0,2.0,1.0,63.0,0.0,
19428198,53,7,61.0,3.0,1.0,52.0,3.0,
19428198,180,6,39.0,2.0,2.0,38.0,1.0,
19428199,273,2,54.0,0.0,0.0,60.0,6.0,
19428199,309,4,46.0,2.0,1.0,50.0,1.0,
19428200,314,3,44.0,2.0,2.0,41.0,3.0,
19428200,62,7,56.0,4.0,2.0,52.0,3.0,
19428201,284,9,47.0,3.0,1.0,61.0,2.0,0.0
19428201,273,2,53.0,2.0,1.0,57.0,3.0,1.0
19428202,66,1,39.0,2.0,2.0,67.0,1.0,0.0
19428202,53,11,61.0,1.0,1.0,64.0,2.0,1.0
19428203,180,3,60.0,1.0,1.0,38.0,3.0,1.0
19700209,309,4,48.0,2.0,0.0,60.0,2.0,
19700210,770,5,35.0,0.0,0.0,33.0,3.0,
19700210,314,5,65.0,3.0,2.0,26.0,1.0,
19700211,284,2,48.0,1.0,0.0,33.0,3.0,
19700211,180,6,52.0,3.0,1.0,57.0,4.0,
19700212,258,8,52.0,,,67.0,4.0,
19700212,282,7,48.0,,,33.0,2.0,
19700213,496,1,42.0,2.0,2.0,60.0,2.0,
19700213,273,6,58.0,0.0,0.0,31.0,1.0,
19428220,770,7,58.0,1.0,1.0,33.0,1.0,
19428221,284,7,43.0,0.0,0.0,33.0,2.0,0.0
19428221,314,4,57.0,1.0,1.0,53.0,3.0,1.0
19428222,258,4,58.0,0.0,0.0,56.0,1.0,1.0
19428222,180,3,42.0,2.0,2.0,50.0,0.0,0.0
19428223,66,4,39.0,,,38.0,4.0,
19428223,309,2,61.0,,,54.0,3.0,
19428224,273,4,38.0,1.0,1.0,36.0,4.0,
19428224,62,2,62.0,4.0,2.0,33.0,0.0,
19428225,53,4,58.0,2.0,2.0,47.0,2.0,0.0
19428225,284,1,42.0,1.0,0.0,38.0,0.0,1.0
19428226,180,9,48.0,0.0,0.0,56.0,3.0,
19428226,66,3,52.0,3.0,3.0,50.0,1.0,
19428227,314,5,65.0,2.0,2.0,58.0,1.0,1.0
19428227,258,5,35.0,2.0,1.0,64.0,2.0,0.0
19428228,770,2,38.0,3.0,1.0,33.0,3.0,
19428228,309,6,62.0,2.0,1.0,53.0,2.0,
19428229,282,1,33.0,2.0,2.0,75.0,2.0,
19428229,62,10,67.0,4.0,3.0,60.0,1.0,
19428230,273,5,43.0,0.0,0.0,14.0,3.0,
19428230,496,8,57.0,2.0,1.0,55.0,1.0,
19428231,66,3,48.0,0.0,,53.0,2.0,1.0
19428231,273,3,52.0,2.0,,38.0,2.0,0.0
19428232,496,7,44.0,0.0,,30.0,2.0,
19428232,53,3,56.0,1.0,,21.0,0.0,
19428233,258,3,49.0,2.0,2.0,60.0,,
19428233,282,4,51.0,3.0,2.0,33.0,,
19428234,62,1,48.0,6.0,4.0,38.0,4.0,
19428234,770,2,52.0,3.0,1.0,41.0,3.0,
19428235,309,4,53.0,1.0,1.0,33.0,2.0,
19428235,314,6,47.0,3.0,2.0,50.0,1.0,
19428236,284,2,49.0,2.0,2.0,29.0,2.0,
19428236,180,4,51.0,2.0,0.0,27.0,4.0,
19590623,66,2,30.0,0.0,,50.0,1.0,1.0
19700214,62,7,49.0,1.0,0.0,56.0,2.0,
19700214,53,1,51.0,3.0,2.0,40.0,6.0,
19700215,314,6,53.0,1.0,,45.0,3.0,
19700215,309,2,47.0,1.0,,30.0,1.0,
19700216,180,4,41.0,3.0,2.0,38.0,1.0,
19700216,496,1,59.0,0.0,0.0,40.0,3.0,
19700217,258,5,57.0,0.0,0.0,40.0,1.0,
19700217,284,7,43.0,3.0,2.0,54.0,1.0,
19700218,282,2,49.0,0.0,0.0,50.0,5.0,1.0
19700218,273,4,51.0,2.0,1.0,53.0,1.0,0.0
19700219,66,5,32.0,3.0,3.0,50.0,1.0,
19700219,770,6,68.0,1.0,1.0,46.0,0.0,
19700220,62,6,58.0,1.0,,30.0,2.0,
19700220,314,2,42.0,2.0,,30.0,1.0,
19700221,53,13,81.0,2.0,1.0,50.0,3.0,0.0
19700221,66,0,19.0,1.0,0.0,83.0,3.0,1.0
19700222,282,8,59.0,0.0,0.0,55.0,1.0,
19700222,180,4,41.0,3.0,1.0,50.0,0.0,
19700223,496,6,61.0,0.0,,36.0,2.0,
19700223,284,5,39.0,1.0,,59.0,1.0,
19700224,309,5,51.0,0.0,0.0,44.0,5.0,
19700224,770,2,49.0,1.0,1.0,38.0,4.0,
19700225,273,3,50.0,2.0,1.0,50.0,1.0,
19700225,258,6,50.0,2.0,0.0,53.0,3.0,
19700226,314,11,76.0,2.0,1.0,31.0,3.0,0.0
19700226,66,0,24.0,1.0,1.0,57.0,5.0,2.0
19700227,309,5,49.0,3.0,3.0,27.0,2.0,
19700227,62,7,51.0,2.0,2.0,73.0,1.0,
19700228,284,4,51.0,0.0,0.0,42.0,0.0,
19700228,282,2,49.0,3.0,2.0,29.0,1.0,
19700229,770,7,45.0,1.0,1.0,50.0,3.0,
19700229,53,9,55.0,3.0,2.0,64.0,2.0,
19700230,258,7,37.0,2.0,1.0,29.0,2.0,
19700230,496,8,63.0,0.0,0.0,42.0,2.0,
19700231,180,5,58.0,0.0,,47.0,4.0,
19700231,273,6,42.0,1.0,,57.0,1.0,
