"match_id","season_id","round_id","starting_at","home_team_id","home_team_name","away_team_id","away_team_name","home_goals","away_goals","goals_diff","result","home_corners","away_corners","corners_diff","home_possession","away_possession","possession_diff","home_dribbles_pct","away_dribbles_pct","dribbles_diff","home_yellowcards","away_yellowcards","home_redcards","away_redcards"
"19428039","25598","372259","2025-08-02 14:00:00+03","180","Kilmarnock","258","Livingston",2,2,0,"draw",3,5,-2,"36.00","64.00","-28.00","25.00","36.00","-11.00",2,2,1,0
"19428040","25598","372259","2025-08-02 16:30:00+03","309","Motherwell","62","Rangers",1,1,0,"draw",1,12,-11,"38.00","62.00","-24.00","46.00","50.00","-4.00",1,4,0,0
"19428041","25598","372259","2025-08-03 13:00:00+03","770","Falkirk","282","Dundee United",2,2,0,"draw",2,4,-2,"52.00","48.00","4.00","32.00","60.00","-28.00",1,5,0,0
"19428042","25598","372259","2025-08-03 14:00:00+03","284","Dundee","66","Hibernian",1,2,-1,"away_win",3,11,-8,"32.00","68.00","-36.00","70.00","25.00","45.00",3,1,0,0
"19428043","25598","372259","2025-08-03 15:30:00+03","53","Celtic","496","St. Mirren",1,0,1,"home_win",12,1,11,"76.00","24.00","52.00","43.00","40.00","3.00",2,1,0,0
"19428044","25598","372259","2025-08-04 19:00:00+03","314","Hearts","273","Aberdeen",2,0,2,"home_win",3,3,0,"48.00","52.00","-4.00","52.00","48.00","4.00",3,2,0,0
"19428047","25598","372260","2025-08-09 14:00:00+03","258","Livingston","770","Falkirk",3,1,2,"home_win",4,5,-1,"41.00","59.00","-18.00","71.00","50.00","21.00",4,2,0,0
"19428048","25598","372260","2025-08-09 14:00:00+03","496","St. Mirren","309","Motherwell",0,0,0,"draw",7,4,3,"34.00","66.00","-32.00","44.00","43.00","1.00",5,1,0,0
"19428049","25598","372260","2025-08-09 16:45:00+03","62","Rangers","284","Dundee",1,1,0,"draw",7,4,3,"76.00","24.00","52.00","46.00","0.00","46.00",2,1,1,0
"19428050","25598","372260","2025-08-10 11:30:00+03","273","Aberdeen","53","Celtic",0,2,-2,"away_win",1,6,-5,"29.00","71.00","-42.00","64.00","56.00","8.00",2,3,0,0
"19428045","25598","372260","2025-08-10 14:00:00+03","282","Dundee United","314","Hearts",2,3,-1,"away_win",2,9,-7,"28.00","72.00","-44.00","42.00","33.00","9.00",3,4,0,0
"19428046","25598","372260","2025-08-10 14:00:00+03","66","Hibernian","180","Kilmarnock",2,2,0,"draw",4,7,-3,"60.00","40.00","20.00","34.00","75.00","-41.00",1,2,0,0
"19428051","25598","372261","2025-08-23 14:00:00+03","53","Celtic","258","Livingston",3,0,3,"home_win",10,4,6,"78.00","22.00","56.00","60.00","20.00","40.00",0,1,0,0
"19428054","25598","372261","2025-08-23 14:00:00+03","314","Hearts","309","Motherwell",3,3,0,"draw",9,3,6,"49.00","51.00","-2.00","54.00","50.00","4.00",3,2,0,0
"19428055","25598","372261","2025-08-23 14:00:00+03","180","Kilmarnock","284","Dundee",0,0,0,"draw",7,3,4,"54.00","46.00","8.00","58.00","50.00","8.00",3,3,0,0
"19428056","25598","372261","2025-08-24 11:00:00+03","496","St. Mirren","62","Rangers",1,1,0,"draw",6,6,0,"29.00","71.00","-42.00","78.00","41.00","37.00",3,3,0,0
"19428060","25598","372262","2025-08-30 14:00:00+03","258","Livingston","314","Hearts",1,2,-1,"away_win",5,9,-4,"40.00","60.00","-20.00","55.00","50.00","5.00",7,2,0,0
"19428061","25598","372262","2025-08-30 14:00:00+03","309","Motherwell","180","Kilmarnock",2,2,0,"draw",9,0,9,"74.00","26.00","48.00","55.00","71.00","-16.00",2,5,0,0
"19428062","25598","372262","2025-08-31 11:00:00+03","62","Rangers","53","Celtic",0,0,0,"draw",8,1,7,"41.00","59.00","-18.00","26.00","46.00","-20.00",3,0,0,0
"19428058","25598","372262","2025-08-31 13:00:00+03","284","Dundee","282","Dundee United",0,2,-2,"away_win",3,2,1,"54.00","46.00","8.00","42.00","62.00","-20.00",0,1,0,0
"19428057","25598","372262","2025-08-31 14:00:00+03","273","Aberdeen","770","Falkirk",0,1,-1,"away_win",5,6,-1,"38.00","62.00","-24.00","45.00","42.00","3.00",3,5,1,0
"19428059","25598","372262","2025-08-31 14:00:00+03","66","Hibernian","496","St. Mirren",1,1,0,"draw",10,7,3,"55.00","45.00","10.00","40.00","83.00","-43.00",1,1,0,0
"19428063","25598","372263","2025-09-13 14:00:00+03","273","Aberdeen","258","Livingston",0,0,0,"draw",6,6,0,"57.00","43.00","14.00","42.00","50.00","-8.00",4,3,0,0
"19428064","25598","372263","2025-09-13 14:00:00+03","284","Dundee","309","Motherwell",1,1,0,"draw",2,6,-4,"34.00","66.00","-32.00","29.00","41.00","-12.00",1,1,1,0
"19428065","25598","372263","2025-09-13 14:00:00+03","770","Falkirk","496","St. Mirren",1,2,-1,"away_win",4,2,2,"60.00","40.00","20.00","22.00","71.00","-49.00",1,2,0,0
"19428068","25598","372263","2025-09-13 14:00:00+03","62","Rangers","314","Hearts",0,2,-2,"away_win",9,2,7,"67.00","33.00","34.00","58.00","55.00","3.00",2,1,0,0
"19428066","25598","372263","2025-09-13 16:45:00+03","66","Hibernian","282","Dundee United",3,3,0,"draw",6,4,2,"55.00","45.00","10.00","70.00","50.00","20.00",2,4,0,1
"19428067","25598","372263","2025-09-14 14:00:00+03","180","Kilmarnock","53","Celtic",1,2,-1,"away_win",6,7,-1,"24.00","76.00","-52.00","50.00","56.00","-6.00",2,3,0,0
"19428094","25598","372268","2025-09-20 14:00:00+03","284","Dundee","258","Livingston",3,2,1,"home_win",8,3,5,"41.00","59.00","-18.00","52.00","59.00","-7.00",1,3,0,0
"19428052","25598","372261","2025-09-23 18:45:00+03","282","Dundee United","273","Aberdeen",2,0,2,"home_win",11,3,8,"43.00","57.00","-14.00","71.00","75.00","-4.00",2,1,0,0
"19428053","25598","372261","2025-09-23 18:45:00+03","770","Falkirk","66","Hibernian",2,2,0,"draw",5,5,0,"51.00","49.00","2.00","44.00","60.00","-16.00",2,2,0,0
"19428069","25598","372264","2025-09-27 14:00:00+03","53","Celtic","66","Hibernian",0,0,0,"draw",7,2,5,"77.00","23.00","54.00","33.00","100.00","-67.00",2,1,0,0
"19428070","25598","372264","2025-09-27 14:00:00+03","282","Dundee United","180","Kilmarnock",0,2,-2,"away_win",9,6,3,"60.00","40.00","20.00","64.00","29.00","35.00",4,2,0,0
"19428071","25598","372264","2025-09-27 14:00:00+03","314","Hearts","770","Falkirk",3,0,3,"home_win",9,5,4,"48.00","52.00","-4.00","50.00","41.00","9.00",0,1,0,0
"19428074","25598","372264","2025-09-27 14:00:00+03","496","St. Mirren","284","Dundee",1,0,1,"home_win",5,5,0,"53.00","47.00","6.00","50.00","50.00","0.00",3,2,0,0
"19428073","25598","372264","2025-09-27 16:45:00+03","309","Motherwell","273","Aberdeen",2,0,2,"home_win",3,4,-1,"63.00","37.00","26.00","40.00","40.00","0.00",0,3,0,0
"19428072","25598","372264","2025-09-28 14:00:00+03","258","Livingston","62","Rangers",1,2,-1,"away_win",4,8,-4,"35.00","65.00","-30.00","30.00","38.00","-8.00",4,1,0,0
"19428077","25598","372265","2025-10-04 14:00:00+03","282","Dundee United","258","Livingston",1,1,0,"draw",4,5,-1,"44.00","56.00","-12.00","56.00","39.00","17.00",1,1,0,0
"19428080","25598","372265","2025-10-04 14:00:00+03","180","Kilmarnock","496","St. Mirren",2,0,2,"home_win",4,9,-5,"36.00","64.00","-28.00","36.00","53.00","-17.00",1,2,0,0
"19428079","25598","372265","2025-10-04 16:45:00+03","314","Hearts","66","Hibernian",1,0,1,"home_win",4,2,2,"62.00","38.00","24.00","56.00","38.00","18.00",2,1,0,0
"19428075","25598","372265","2025-10-05 14:00:00+03","273","Aberdeen","284","Dundee",4,0,4,"home_win",11,2,9,"63.00","37.00","26.00","64.00","31.00","33.00",1,0,0,0
"19428076","25598","372265","2025-10-05 14:00:00+03","53","Celtic","309","Motherwell",3,2,1,"home_win",10,0,10,"62.00","38.00","24.00","20.00","43.00","-23.00",2,0,0,0
"19428078","25598","372265","2025-10-05 14:00:00+03","770","Falkirk","62","Rangers",1,1,0,"draw",7,6,1,"43.00","57.00","-14.00","44.00","49.00","-5.00",1,4,0,0
"19428082","25598","372266","2025-10-18 14:00:00+03","66","Hibernian","258","Livingston",4,0,4,"home_win",7,10,-3,"47.00","53.00","-6.00","69.00","71.00","-2.00",1,2,0,0
"19428084","25598","372266","2025-10-18 14:00:00+03","309","Motherwell","770","Falkirk",1,2,-1,"away_win",6,4,2,"67.00","33.00","34.00","47.00","45.00","2.00",1,5,0,0
"19428085","25598","372266","2025-10-18 14:00:00+03","62","Rangers","282","Dundee United",2,2,0,"draw",7,2,5,"68.00","32.00","36.00","48.00","21.00","27.00",0,4,0,0
"19428086","25598","372266","2025-10-18 14:00:00+03","496","St. Mirren","273","Aberdeen",0,1,-1,"away_win",6,2,4,"49.00","51.00","-2.00","80.00","57.00","23.00",2,4,1,0
"19428083","25598","372266","2025-10-18 16:45:00+03","180","Kilmarnock","314","Hearts",0,3,-3,"away_win",4,5,-1,"41.00","59.00","-18.00","27.00","0.00","27.00",3,2,0,0
"19428081","25598","372266","2025-10-19 11:00:00+03","284","Dundee","53","Celtic",2,0,2,"home_win",2,12,-10,"18.00","82.00","-64.00","33.00","43.00","-10.00",2,2,0,0
"19428088","25598","372267","2025-10-25 14:00:00+03","282","Dundee United","496","St. Mirren",3,1,2,"home_win",4,12,-8,"45.00","55.00","-10.00","73.00","25.00","48.00",1,1,0,1
"19428089","25598","372267","2025-10-25 14:00:00+03","770","Falkirk","284","Dundee",2,1,1,"home_win",5,3,2,"66.00","34.00","32.00","46.00","33.00","13.00",2,2,0,0
"19428091","25598","372267","2025-10-25 14:00:00+03","258","Livingston","309","Motherwell",1,2,-1,"away_win",0,3,-3,"35.00","65.00","-30.00","40.00","52.00","-12.00",2,2,0,0
"19428090","25598","372267","2025-10-26 12:00:00+03","314","Hearts","53","Celtic",3,1,2,"home_win",5,9,-4,"35.00","65.00","-30.00","57.00","50.00","7.00",4,1,0,0
"19428087","25598","372267","2025-10-26 14:30:00+03","273","Aberdeen","66","Hibernian",1,2,-1,"away_win",6,3,3,"54.00","46.00","8.00","44.00","68.00","-24.00",0,2,0,0
"19428092","25598","372267","2025-10-26 15:00:00+03","62","Rangers","180","Kilmarnock",3,1,2,"home_win",8,2,6,"75.00","25.00","50.00","53.00","56.00","-3.00",2,2,0,0
"19428093","25598","372268","2025-10-29 19:45:00+03","53","Celtic","770","Falkirk",4,0,4,"home_win",6,3,3,"60.00","40.00","20.00","36.00","27.00","9.00",1,2,0,0
"19428095","25598","372268","2025-10-29 19:45:00+03","66","Hibernian","62","Rangers",0,1,-1,"away_win",5,4,1,"49.00","51.00","-2.00","36.00","53.00","-17.00",2,3,0,0
"19428096","25598","372268","2025-10-29 19:45:00+03","180","Kilmarnock","273","Aberdeen",0,1,-1,"away_win",7,2,5,"57.00","43.00","14.00","20.00","75.00","-55.00",4,6,0,0
"19428097","25598","372268","2025-10-29 19:45:00+03","309","Motherwell","282","Dundee United",2,0,2,"home_win",4,2,2,"60.00","40.00","20.00","75.00","50.00","25.00",1,2,0,0
"19428098","25598","372268","2025-10-29 19:45:00+03","496","St. Mirren","314","Hearts",2,2,0,"draw",6,7,-1,"48.00","52.00","-4.00","36.00","55.00","-19.00",2,2,0,0
"19428100","25598","372269","2025-11-01 15:00:00+03","770","Falkirk","180","Kilmarnock",3,1,2,"home_win",2,6,-4,"49.00","51.00","-2.00","61.00","24.00","37.00",0,1,0,0
"19428101","25598","372269","2025-11-01 15:00:00+03","314","Hearts","284","Dundee",4,0,4,"home_win",6,2,4,"67.00","33.00","34.00","71.00","60.00","11.00",0,2,0,0
"19428128","25598","372273","2025-11-01 15:00:00+03","258","Livingston","66","Hibernian",2,2,0,"draw",6,1,5,"48.00","52.00","-4.00","64.00","61.00","3.00",3,3,0,0
"19428108","25598","372270","2025-11-08 15:00:00+03","770","Falkirk","258","Livingston",1,1,0,"draw",6,1,5,"43.00","57.00","-14.00","40.00","60.00","-20.00",3,2,0,0
"19428109","25598","372270","2025-11-08 17:45:00+03","496","St. Mirren","66","Hibernian",0,3,-3,"away_win",5,6,-1,"46.00","54.00","-8.00","33.00","45.00","-12.00",4,1,0,0
"19428105","25598","372270","2025-11-09 15:00:00+03","273","Aberdeen","309","Motherwell",1,1,0,"draw",4,6,-2,"35.00","65.00","-30.00","44.00","34.00","10.00",4,1,0,0
"19428107","25598","372270","2025-11-09 15:00:00+03","284","Dundee","62","Rangers",0,3,-3,"away_win",4,6,-2,"46.00","54.00","-8.00","43.00","38.00","5.00",0,1,0,0
"19428110","25598","372270","2025-11-09 15:00:00+03","314","Hearts","282","Dundee United",1,1,0,"draw",4,3,1,"63.00","37.00","26.00","18.00","53.00","-35.00",2,4,0,0
"19428106","25598","372270","2025-11-09 16:00:00+03","53","Celtic","180","Kilmarnock",4,0,4,"home_win",8,7,1,"75.00","25.00","50.00","42.00","17.00","25.00",2,2,0,0
"19428112","25598","372271","2025-11-22 15:00:00+03","282","Dundee United","770","Falkirk",0,3,-3,"away_win",5,5,0,"43.00","57.00","-14.00","60.00","50.00","10.00",3,3,0,0
"19428113","25598","372271","2025-11-22 15:00:00+03","66","Hibernian","284","Dundee",2,0,2,"home_win",8,3,5,"57.00","43.00","14.00","40.00","44.00","-4.00",2,1,0,0
"19428114","25598","372271","2025-11-22 15:00:00+03","180","Kilmarnock","309","Motherwell",1,3,-2,"away_win",3,3,0,"41.00","59.00","-18.00","56.00","41.00","15.00",1,5,0,0
"19428115","25598","372271","2025-11-22 15:00:00+03","62","Rangers","258","Livingston",2,1,1,"home_win",2,1,1,"73.00","27.00","46.00","55.00","44.00","11.00",2,4,0,0
"19428116","25598","372271","2025-11-22 20:00:00+03","496","St. Mirren","53","Celtic",0,1,-1,"away_win",2,4,-2,"27.00","73.00","-46.00","67.00","46.00","21.00",2,1,0,0
"19428111","25598","372271","2025-11-23 15:00:00+03","273","Aberdeen","314","Hearts",1,0,1,"home_win",6,3,3,"40.00","60.00","-20.00","41.00","37.00","4.00",3,4,0,0
"19590623","25598","372269","2025-11-25 19:45:00+03","309","Motherwell","66","Hibernian",2,0,2,"home_win",0,2,-2,"70.00","30.00","40.00","43.00","50.00","-7.00",0,1,0,1
"19428117","25598","372272","2025-11-29 15:00:00+03","284","Dundee","496","St. Mirren",3,1,2,"home_win",1,11,-10,"38.00","62.00","-24.00","30.00","89.00","-59.00",0,2,0,0
"19428121","25598","372272","2025-11-29 15:00:00+03","309","Motherwell","314","Hearts",0,0,0,"draw",3,4,-1,"55.00","45.00","10.00","59.00","42.00","17.00",2,4,0,0
"19428119","25598","372272","2025-11-29 17:45:00+03","180","Kilmarnock","282","Dundee United",1,1,0,"draw",3,3,0,"46.00","54.00","-8.00","33.00","75.00","-42.00",3,2,0,0
"19428118","25598","372272","2025-11-30 12:00:00+03","66","Hibernian","53","Celtic",1,2,-1,"away_win",4,3,1,"40.00","60.00","-20.00","25.00","33.00","-8.00",3,3,0,0
"19428122","25598","372272","2025-11-30 14:00:00+03","62","Rangers","770","Falkirk",0,0,0,"draw",4,5,-1,"61.00","39.00","22.00","56.00","33.00","23.00",0,3,0,0
"19428120","25598","372272","2025-11-30 15:00:00+03","258","Livingston","273","Aberdeen",0,1,-1,"away_win",7,4,3,"56.00","44.00","12.00","38.00","62.00","-24.00",1,1,0,0
"19428123","25598","372273","2025-12-03 19:45:00+03","273","Aberdeen","496","St. Mirren",3,3,0,"draw",8,6,2,"67.00","33.00","34.00","47.00","38.00","9.00",0,1,0,0
"19428124","25598","372273","2025-12-03 19:45:00+03","53","Celtic","284","Dundee",1,0,1,"home_win",6,0,6,"71.00","29.00","42.00","39.00","50.00","-11.00",3,0,0,0
"19428125","25598","372273","2025-12-03 19:45:00+03","282","Dundee United","62","Rangers",2,2,0,"draw",8,9,-1,"33.00","67.00","-34.00","75.00","45.00","30.00",3,3,0,0
"19428126","25598","372273","2025-12-03 19:45:00+03","770","Falkirk","309","Motherwell",0,0,0,"draw",6,3,3,"37.00","63.00","-26.00","50.00","56.00","-6.00",2,0,0,0
"19428127","25598","372273","2025-12-03 19:45:00+03","314","Hearts","180","Kilmarnock",1,1,0,"draw",9,1,8,"65.00","35.00","30.00","46.00","31.00","15.00",1,2,0,0
"19428130","25598","372274","2025-12-06 15:00:00+03","284","Dundee","273","Aberdeen",1,3,-2,"away_win",6,4,2,"54.00","46.00","8.00","31.00","79.00","-48.00",2,1,0,0
"19428131","25598","372274","2025-12-06 15:00:00+03","66","Hibernian","770","Falkirk",3,0,3,"home_win",10,4,6,"42.00","58.00","-16.00","65.00","33.00","32.00",1,4,0,0
"19428133","25598","372274","2025-12-06 15:00:00+03","309","Motherwell","258","Livingston",3,0,3,"home_win",4,5,-1,"58.00","42.00","16.00","43.00","44.00","-1.00",2,3,0,0
"19428134","25598","372274","2025-12-06 15:00:00+03","496","St. Mirren","282","Dundee United",2,0,2,"home_win",3,2,1,"39.00","61.00","-22.00","50.00","38.00","12.00",2,2,0,0
"19428132","25598","372274","2025-12-06 20:00:00+03","180","Kilmarnock","62","Rangers",0,3,-3,"away_win",7,2,5,"40.00","60.00","-20.00","50.00","53.00","-3.00",2,2,0,0
"19428129","25598","372274","2025-12-07 15:00:00+03","53","Celtic","314","Hearts",1,2,-1,"away_win",5,3,2,"72.00","28.00","44.00","36.00","8.00","28.00",1,3,0,0
"19428136","25598","372275","2025-12-13 15:00:00+03","282","Dundee United","309","Motherwell",0,0,0,"draw",1,4,-3,"31.00","69.00","-38.00","36.00","45.00","-9.00",3,3,0,0
"19428139","25598","372275","2025-12-13 15:00:00+03","258","Livingston","284","Dundee",2,2,0,"draw",7,0,7,"65.00","35.00","30.00","33.00","42.00","-9.00",2,2,1,0
"19428154","25598","372278","2025-12-13 20:00:00+03","770","Falkirk","314","Hearts",0,2,-2,"away_win",3,7,-4,"47.00","53.00","-6.00","47.00","35.00","12.00",2,2,0,0
"19428135","25598","372275","2025-12-14 15:00:00+03","273","Aberdeen","180","Kilmarnock",2,1,1,"home_win",9,3,6,"68.00","32.00","36.00","21.00","30.00","-9.00",2,5,0,0
"19428140","25598","372275","2025-12-15 19:45:00+03","62","Rangers","66","Hibernian",1,0,1,"home_win",5,5,0,"52.00","48.00","4.00","47.00","30.00","17.00",1,3,0,0
"19428219","25598","372269","2025-12-17 20:00:00+03","282","Dundee United","53","Celtic",2,1,1,"home_win",7,6,1,"27.00","73.00","-46.00","15.00","39.00","-24.00",2,1,0,0
"19428142","25598","372276","2025-12-20 15:00:00+03","282","Dundee United","66","Hibernian",1,1,0,"draw",5,7,-2,"41.00","59.00","-18.00","40.00","45.00","-5.00",2,2,0,0
"19428144","25598","372276","2025-12-20 15:00:00+03","180","Kilmarnock","770","Falkirk",0,1,-1,"away_win",2,2,0,"55.00","45.00","10.00","57.00","36.00","21.00",2,1,0,0
"19428145","25598","372276","2025-12-20 15:00:00+03","309","Motherwell","284","Dundee",1,0,1,"home_win",2,3,-1,"60.00","40.00","20.00","47.00","67.00","-20.00",1,2,0,0
"19428146","25598","372276","2025-12-20 15:00:00+03","496","St. Mirren","258","Livingston",1,0,1,"home_win",7,4,3,"58.00","42.00","16.00","47.00","57.00","-10.00",0,1,0,0
"19428143","25598","372276","2025-12-21 13:30:00+03","314","Hearts","62","Rangers",2,1,1,"home_win",6,10,-4,"42.00","58.00","-16.00","29.00","75.00","-46.00",2,1,0,0
"19428141","25598","372276","2025-12-21 15:00:00+03","53","Celtic","273","Aberdeen",3,1,2,"home_win",8,4,4,"73.00","27.00","46.00","67.00","73.00","-6.00",1,2,0,1
"19428147","25598","372277","2025-12-27 12:30:00+03","66","Hibernian","314","Hearts",3,2,1,"home_win",3,8,-5,"33.00","67.00","-34.00","22.00","45.00","-23.00",1,0,0,0
"19428149","25598","372277","2025-12-27 15:00:00+03","284","Dundee","770","Falkirk",1,0,1,"home_win",1,9,-8,"42.00","58.00","-16.00","29.00","29.00","0.00",3,2,1,0
"19428150","25598","372277","2025-12-27 15:00:00+03","258","Livingston","53","Celtic",2,4,-2,"away_win",11,4,7,"34.00","66.00","-32.00","38.00","57.00","-19.00",1,0,0,0
"19428151","25598","372277","2025-12-27 15:00:00+03","62","Rangers","309","Motherwell",1,0,1,"home_win",5,1,4,"46.00","54.00","-8.00","58.00","55.00","3.00",3,1,0,0
"19428152","25598","372277","2025-12-27 15:00:00+03","496","St. Mirren","180","Kilmarnock",0,0,0,"draw",11,4,7,"59.00","41.00","18.00","79.00","53.00","26.00",1,0,0,0
"19428148","25598","372277","2025-12-27 17:45:00+03","273","Aberdeen","282","Dundee United",1,1,0,"draw",9,5,4,"72.00","28.00","44.00","50.00","100.00","-50.00",2,3,0,0
"19428153","25598","372278","2025-12-30 19:45:00+03","284","Dundee","180","Kilmarnock",2,1,1,"home_win",7,5,2,"57.00","43.00","14.00","64.00","29.00","35.00",2,4,0,0
"19428155","25598","372278","2025-12-30 19:45:00+03","66","Hibernian","273","Aberdeen",2,0,2,"home_win",4,5,-1,"58.00","42.00","16.00","76.00","50.00","26.00",1,2,0,0
"19428156","25598","372278","2025-12-30 19:45:00+03","258","Livingston","282","Dundee United",1,3,-2,"away_win",2,7,-5,"56.00","44.00","12.00","50.00","59.00","-9.00",4,0,0,0
"19428158","25598","372278","2025-12-30 19:45:00+03","62","Rangers","496","St. Mirren",2,1,1,"home_win",5,4,1,"59.00","41.00","18.00","64.00","22.00","42.00",1,2,0,0
"19428157","25598","372278","2025-12-30 20:00:00+03","309","Motherwell","53","Celtic",2,0,2,"home_win",1,3,-2,"43.00","57.00","-14.00","20.00","47.00","-27.00",0,4,0,0
"19428159","25598","372279","2026-01-03 12:30:00+03","53","Celtic","62","Rangers",1,3,-2,"away_win",8,5,3,"66.00","34.00","32.00","58.00","46.00","12.00",0,3,0,0
"19428160","25598","372279","2026-01-03 15:00:00+03","282","Dundee United","284","Dundee",0,1,-1,"away_win",8,2,6,"55.00","45.00","10.00","40.00","46.00","-6.00",2,1,0,0
"19428161","25598","372279","2026-01-03 15:00:00+03","770","Falkirk","273","Aberdeen",1,0,1,"home_win",5,4,1,"56.00","44.00","12.00","35.00","42.00","-7.00",2,4,0,0
"19428162","25598","372279","2026-01-03 15:00:00+03","314","Hearts","258","Livingston",1,0,1,"home_win",7,3,4,"63.00","37.00","26.00","43.00","56.00","-13.00",0,3,0,0
"19428163","25598","372279","2026-01-03 15:00:00+03","180","Kilmarnock","66","Hibernian",1,3,-2,"away_win",5,3,2,"44.00","56.00","-12.00","50.00","33.00","17.00",3,3,1,0
"19428164","25598","372279","2026-01-03 15:00:00+03","309","Motherwell","496","St. Mirren",2,0,2,"home_win",9,8,1,"55.00","45.00","10.00","53.00","57.00","-4.00",0,4,0,0
"19590624","25598","372269","2026-01-06 20:00:00+03","62","Rangers","273","Aberdeen",2,0,2,"home_win",7,4,3,"64.00","36.00","28.00","52.00","58.00","-6.00",0,2,0,0
"19428166","25598","372280","2026-01-10 15:00:00+03","53","Celtic","282","Dundee United",4,0,4,"home_win",11,3,8,"78.00","22.00","56.00","69.00","33.00","36.00",1,0,0,0
"19428168","25598","372280","2026-01-10 15:00:00+03","66","Hibernian","309","Motherwell",1,1,0,"draw",4,4,0,"46.00","54.00","-8.00","38.00","56.00","-18.00",2,5,0,0
"19428169","25598","372280","2026-01-10 15:00:00+03","258","Livingston","180","Kilmarnock",1,1,0,"draw",7,5,2,"61.00","39.00","22.00","50.00","40.00","10.00",4,1,0,0
"19428170","25598","372280","2026-01-10 15:00:00+03","496","St. Mirren","770","Falkirk",0,2,-2,"away_win",4,8,-4,"38.00","62.00","-24.00","40.00","29.00","11.00",2,1,0,0
"19428167","25598","372280","2026-01-11 14:00:00+03","284","Dundee","314","Hearts",0,1,-1,"away_win",6,4,2,"53.00","47.00","6.00","45.00","71.00","-26.00",2,0,0,1
"19428165","25598","372280","2026-01-11 16:30:00+03","273","Aberdeen","62","Rangers",0,2,-2,"away_win",6,6,0,"52.00","48.00","4.00","42.00","54.00","-12.00",2,3,0,0
"19428137","25598","372275","2026-01-14 19:45:00+03","770","Falkirk","53","Celtic",0,1,-1,"away_win",3,4,-1,"43.00","57.00","-14.00","60.00","56.00","4.00",0,1,0,0
"19428138","25598","372275","2026-01-14 19:45:00+03","314","Hearts","496","St. Mirren",2,0,2,"home_win",3,5,-2,"40.00","60.00","-20.00","32.00","31.00","1.00",0,1,1,0
"19428102","25598","372269","2026-01-20 19:45:00+03","258","Livingston","496","St. Mirren",1,1,0,"draw",3,4,-1,"56.00","44.00","12.00","48.00","41.00","7.00",3,3,0,0
"19428171","25598","372281","2026-01-24 15:00:00+03","273","Aberdeen","258","Livingston",6,2,4,"home_win",8,2,6,"61.00","39.00","22.00","58.00","40.00","18.00",4,2,1,1
"19428173","25598","372281","2026-01-24 15:00:00+03","770","Falkirk","66","Hibernian",4,1,3,"home_win",7,4,3,"51.00","49.00","2.00","53.00","29.00","24.00",2,2,0,0
"19428175","25598","372281","2026-01-24 15:00:00+03","309","Motherwell","180","Kilmarnock",4,0,4,"home_win",2,1,1,"73.00","27.00","46.00","29.00","25.00","4.00",0,2,0,1
"19428174","25598","372281","2026-01-25 15:00:00+03","314","Hearts","53","Celtic",2,2,0,"draw",2,2,0,"55.00","45.00","10.00","29.00","40.00","-11.00",3,6,0,1
"19428176","25598","372281","2026-01-25 15:00:00+03","62","Rangers","284","Dundee",3,0,3,"home_win",7,1,6,"54.00","46.00","8.00","81.00","31.00","50.00",1,1,0,0
"19428180","25598","372282","2026-01-31 15:00:00+03","180","Kilmarnock","273","Aberdeen",3,0,3,"home_win",7,3,4,"55.00","45.00","10.00","40.00","58.00","-18.00",3,3,0,1
"19428181","25598","372282","2026-01-31 15:00:00+03","258","Livingston","309","Motherwell",0,2,-2,"away_win",7,7,0,"49.00","51.00","-2.00","67.00","35.00","32.00",1,0,0,0
"19428182","25598","372282","2026-01-31 15:00:00+03","496","St. Mirren","284","Dundee",0,0,0,"draw",5,6,-1,"40.00","60.00","-20.00","43.00","31.00","12.00",0,0,1,0
"19428178","25598","372282","2026-01-31 20:00:00+03","282","Dundee United","314","Hearts",0,3,-3,"away_win",0,6,-6,"30.00","70.00","-40.00","46.00","42.00","4.00",3,1,2,0
"19428179","25598","372282","2026-02-01 14:00:00+03","66","Hibernian","62","Rangers",0,0,0,"draw",9,8,1,"45.00","55.00","-10.00","40.00","61.00","-21.00",3,2,0,0
"19428177","25598","372282","2026-02-01 15:00:00+03","53","Celtic","770","Falkirk",2,0,2,"home_win",9,4,5,"58.00","42.00","16.00","53.00","54.00","-1.00",0,2,0,0
"19428188","25598","372283","2026-02-03 20:00:00+03","496","St. Mirren","314","Hearts",1,0,1,"home_win",7,2,5,"54.00","46.00","8.00","45.00","13.00","32.00",1,1,0,1
"19428185","25598","372283","2026-02-04 19:45:00+03","66","Hibernian","282","Dundee United",3,2,1,"home_win",4,6,-2,"50.00","50.00","0.00","25.00","58.00","-33.00",2,0,0,0
"19428186","25598","372283","2026-02-04 19:45:00+03","258","Livingston","770","Falkirk",1,2,-1,"away_win",6,4,2,"44.00","56.00","-12.00","47.00","42.00","5.00",3,4,0,0
"19428187","25598","372283","2026-02-04 19:45:00+03","62","Rangers","180","Kilmarnock",5,1,4,"home_win",10,1,9,"69.00","31.00","38.00","56.00","62.00","-6.00",1,2,0,1
"19428192","25598","372284","2026-02-10 20:00:00+03","314","Hearts","66","Hibernian",1,0,1,"home_win",4,8,-4,"52.00","48.00","4.00","29.00","27.00","2.00",0,3,0,0
"19428189","25598","372284","2026-02-11 19:45:00+03","53","Celtic","258","Livingston",2,1,1,"home_win",10,3,7,"79.00","21.00","58.00","69.00","75.00","-6.00",2,4,0,0
"19428191","25598","372284","2026-02-11 19:45:00+03","770","Falkirk","284","Dundee",1,0,1,"home_win",4,4,0,"50.00","50.00","0.00","20.00","48.00","-28.00",3,1,0,0
"19428193","25598","372284","2026-02-11 19:45:00+03","180","Kilmarnock","496","St. Mirren",4,3,1,"home_win",9,4,5,"58.00","42.00","16.00","50.00","64.00","-14.00",1,3,0,0
"19428194","25598","372284","2026-02-11 20:00:00+03","309","Motherwell","62","Rangers",1,1,0,"draw",6,3,3,"64.00","36.00","28.00","29.00","29.00","0.00",2,5,1,0
"19428195","25598","372285","2026-02-14 15:00:00+03","284","Dundee","258","Livingston",2,2,0,"draw",10,2,8,"71.00","29.00","42.00","55.00","56.00","-1.00",2,2,0,0
"19428196","25598","372285","2026-02-14 15:00:00+03","770","Falkirk","282","Dundee United",2,3,-1,"away_win",4,5,-1,"59.00","41.00","18.00","47.00","39.00","8.00",1,3,1,0
"19428197","25598","372285","2026-02-14 15:00:00+03","66","Hibernian","496","St. Mirren",2,0,2,"home_win",6,8,-2,"58.00","42.00","16.00","63.00","63.00","0.00",0,3,0,0
"19428198","25598","372285","2026-02-15 14:00:00+03","180","Kilmarnock","53","Celtic",2,3,-1,"away_win",6,7,-1,"39.00","61.00","-22.00","38.00","52.00","-14.00",1,3,0,0
"19428199","25598","372285","2026-02-15 14:30:00+03","309","Motherwell","273","Aberdeen",2,0,2,"home_win",4,2,2,"46.00","54.00","-8.00","50.00","60.00","-10.00",1,6,0,0
"19428200","25598","372285","2026-02-15 16:30:00+03","62","Rangers","314","Hearts",4,2,2,"home_win",7,3,4,"56.00","44.00","12.00","52.00","41.00","11.00",3,3,0,0
"19428201","25598","372286","2026-02-21 15:00:00+03","273","Aberdeen","284","Dundee",2,3,-1,"away_win",2,9,-7,"53.00","47.00","6.00","57.00","61.00","-4.00",3,2,1,0
"19428203","25598","372286","2026-02-21 15:00:00+03","282","Dundee United","180","Kilmarnock",1,1,0,"draw",6,3,3,"40.00","60.00","-20.00","50.00","38.00","12.00",1,3,0,1
"19428204","25598","372286","2026-02-21 15:00:00+03","314","Hearts","770","Falkirk",1,0,1,"home_win",8,4,4,"49.00","51.00","-2.00","21.00","60.00","-39.00",1,3,0,0
"19428206","25598","372286","2026-02-21 19:30:00+03","496","St. Mirren","309","Motherwell",0,5,-5,"away_win",4,7,-3,"29.00","71.00","-42.00","69.00","62.00","7.00",4,0,1,0
"19428202","25598","372286","2026-02-22 15:00:00+03","53","Celtic","66","Hibernian",1,2,-1,"away_win",11,1,10,"61.00","39.00","22.00","64.00","67.00","-3.00",2,1,1,0
"19428205","25598","372286","2026-02-22 15:00:00+03","258","Livingston","62","Rangers",2,2,0,"draw",3,15,-12,"27.00","73.00","-46.00","29.00","30.00","-1.00",3,2,1,0
"19428190","25598","372284","2026-02-24 19:45:00+03","282","Dundee United","273","Aberdeen",0,0,0,"draw",4,6,-2,"43.00","57.00","-14.00","45.00","16.00","29.00",0,0,0,0
"19428207","25598","372287","2026-02-28 15:00:00+03","284","Dundee","66","Hibernian",3,3,0,"draw",6,6,0,"43.00","57.00","-14.00","10.00","75.00","-65.00",1,4,0,0
"19428208","25598","372287","2026-02-28 15:00:00+03","770","Falkirk","180","Kilmarnock",5,1,4,"home_win",3,2,1,"50.00","50.00","0.00","38.00","50.00","-12.00",3,2,0,0
"19428209","25598","372287","2026-02-28 15:00:00+03","314","Hearts","273","Aberdeen",1,0,1,"home_win",7,4,3,"53.00","47.00","6.00","50.00","47.00","3.00",3,5,0,0
"19428210","25598","372287","2026-02-28 15:00:00+03","258","Livingston","496","St. Mirren",1,1,0,"draw",7,2,5,"51.00","49.00","2.00","44.00","63.00","-19.00",1,2,0,0
"19428211","25598","372287","2026-02-28 15:00:00+03","309","Motherwell","282","Dundee United",2,0,2,"home_win",5,3,2,"62.00","38.00","24.00","43.00","57.00","-14.00",2,3,0,0
"19428212","25598","372287","2026-03-01 12:00:00+03","62","Rangers","53","Celtic",2,2,0,"draw",6,7,-1,"45.00","55.00","-10.00","47.00","46.00","1.00",2,1,0,0
"19428172","25598","372281","2026-03-03 19:45:00+03","282","Dundee United","496","St. Mirren",2,1,1,"home_win",8,4,4,"53.00","47.00","6.00","62.00","22.00","40.00",2,1,0,0
"19428183","25598","372283","2026-03-04 20:00:00+03","273","Aberdeen","53","Celtic",1,2,-1,"away_win",6,6,0,"38.00","62.00","-24.00","37.00","33.00","4.00",2,2,0,0
"19428184","25598","372283","2026-03-07 15:00:00+03","284","Dundee","309","Motherwell",2,1,1,"home_win",3,1,2,"33.00","67.00","-34.00","44.00","38.00","6.00",4,2,0,0
"19428213","25598","372288","2026-03-14 15:00:00+03","273","Aberdeen","770","Falkirk",1,1,0,"draw",4,10,-6,"42.00","58.00","-16.00","27.00","42.00","-15.00",1,0,0,0
"19428214","25598","372288","2026-03-14 15:00:00+03","53","Celtic","309","Motherwell",3,1,2,"home_win",2,3,-1,"47.00","53.00","-6.00","40.00","47.00","-7.00",4,2,0,1
"19428216","25598","372288","2026-03-14 15:00:00+03","66","Hibernian","258","Livingston",0,0,0,"draw",12,0,12,"75.00","25.00","50.00","43.00","63.00","-20.00",2,1,0,0
"19428217","25598","372288","2026-03-14 20:00:00+03","180","Kilmarnock","314","Hearts",1,0,1,"home_win",2,9,-7,"39.00","61.00","-22.00","74.00","47.00","27.00",2,2,0,0
"19428218","25598","372288","2026-03-15 12:00:00+03","496","St. Mirren","62","Rangers",0,1,-1,"away_win",1,11,-10,"47.00","53.00","-6.00","28.00","44.00","-16.00",0,1,0,0
"19428215","25598","372288","2026-03-15 14:00:00+03","284","Dundee","282","Dundee United",2,2,0,"draw",4,7,-3,"57.00","43.00","14.00","67.00","73.00","-6.00",1,4,0,0
"19428220","25598","372289","2026-03-21 15:00:00+03","770","Falkirk","496","St. Mirren",1,2,-1,"away_win",7,4,3,"58.00","42.00","16.00","33.00","31.00","2.00",1,2,0,0
"19428221","25598","372289","2026-03-21 15:00:00+03","314","Hearts","284","Dundee",1,0,1,"home_win",4,7,-3,"57.00","43.00","14.00","53.00","33.00","20.00",3,2,1,0
"19428222","25598","372289","2026-03-21 15:00:00+03","180","Kilmarnock","258","Livingston",2,0,2,"home_win",3,4,-1,"42.00","58.00","-16.00","50.00","56.00","-6.00",0,1,0,1
"19428223","25598","372289","2026-03-21 15:00:00+03","309","Motherwell","66","Hibernian",0,0,0,"draw",2,4,-2,"61.00","39.00","22.00","54.00","38.00","16.00",3,4,0,0
"19428224","25598","372289","2026-03-21 17:45:00+03","62","Rangers","273","Aberdeen",4,1,3,"home_win",2,4,-2,"62.00","38.00","24.00","33.00","36.00","-3.00",0,4,0,0
"19592463","25598","372289","2026-03-22 12:30:00+03","282","Dundee United","53","Celtic",2,0,2,"home_win",7,6,1,"26.00","74.00","-48.00","62.00","45.00","17.00",2,2,0,0
"19428226","25598","372290","2026-04-04 14:00:00+03","66","Hibernian","180","Kilmarnock",3,0,3,"home_win",3,9,-6,"52.00","48.00","4.00","50.00","56.00","-6.00",1,3,0,0
"19428228","25598","372290","2026-04-04 14:00:00+03","309","Motherwell","770","Falkirk",2,3,-1,"away_win",6,2,4,"62.00","38.00","24.00","53.00","33.00","20.00",2,3,0,0
"19428229","25598","372290","2026-04-04 14:00:00+03","62","Rangers","282","Dundee United",4,2,2,"home_win",10,1,9,"67.00","33.00","34.00","60.00","75.00","-15.00",1,2,0,0
"19428230","25598","372290","2026-04-04 14:00:00+03","496","St. Mirren","273","Aberdeen",2,0,2,"home_win",8,5,3,"57.00","43.00","14.00","55.00","14.00","41.00",1,3,0,0
"19428227","25598","372290","2026-04-05 13:00:00+03","258","Livingston","314","Hearts",2,2,0,"draw",5,5,0,"35.00","65.00","-30.00","64.00","58.00","6.00",2,1,0,1
"19428225","25598","372290","2026-04-05 15:30:00+03","284","Dundee","53","Celtic",1,2,-1,"away_win",1,4,-3,"42.00","58.00","-16.00","38.00","47.00","-9.00",0,2,1,0
"19428231","25598","372291","2026-04-11 14:00:00+03","273","Aberdeen","66","Hibernian",2,0,2,"home_win",3,3,0,"52.00","48.00","4.00","38.00","53.00","-15.00",2,2,0,1
"19428232","25598","372291","2026-04-11 14:00:00+03","53","Celtic","496","St. Mirren",1,0,1,"home_win",3,7,-4,"56.00","44.00","12.00","21.00","30.00","-9.00",0,2,0,0
"19428233","25598","372291","2026-04-11 14:00:00+03","282","Dundee United","258","Livingston",3,2,1,"home_win",4,3,1,"51.00","49.00","2.00","33.00","60.00","-27.00",0,0,0,0
"19428235","25598","372291","2026-04-11 14:00:00+03","314","Hearts","309","Motherwell",3,1,2,"home_win",6,4,2,"47.00","53.00","-6.00","50.00","33.00","17.00",1,2,0,0
"19428236","25598","372291","2026-04-11 14:00:00+03","180","Kilmarnock","284","Dundee",2,2,0,"draw",4,2,2,"51.00","49.00","2.00","27.00","29.00","-2.00",4,2,0,0
"19428234","25598","372291","2026-04-12 11:00:00+03","770","Falkirk","62","Rangers",3,6,-3,"away_win",2,1,1,"52.00","48.00","4.00","41.00","38.00","3.00",3,4,0,0
"19700230","25598","405710","2026-04-25 14:00:00+03","496","St. Mirren","258","Livingston",0,2,-2,"away_win",8,7,1,"63.00","37.00","26.00","42.00","29.00","13.00",2,2,0,0
"19700231","25598","405710","2026-04-25 14:00:00+03","273","Aberdeen","180","Kilmarnock",1,0,1,"home_win",6,5,1,"42.00","58.00","-16.00","57.00","47.00","10.00",1,4,0,0
"19700229","25598","405710","2026-04-25 16:30:00+03","53","Celtic","770","Falkirk",3,1,2,"home_win",9,7,2,"55.00","45.00","10.00","64.00","50.00","14.00",2,3,0,0
"19700228","25598","405710","2026-04-26 13:00:00+03","282","Dundee United","284","Dundee",3,0,3,"home_win",2,4,-2,"49.00","51.00","-2.00","29.00","42.00","-13.00",1,0,0,0
"19700227","25598","405710","2026-04-26 14:00:00+03","62","Rangers","309","Motherwell",2,3,-1,"away_win",7,5,2,"51.00","49.00","2.00","73.00","27.00","46.00",1,2,0,0
"19700226","25598","405710","2026-04-26 15:30:00+03","66","Hibernian","314","Hearts",1,2,-1,"away_win",0,11,-11,"24.00","76.00","-52.00","57.00","31.00","26.00",5,3,2,0
"19700225","25598","405709","2026-05-01 18:45:00+03","258","Livingston","273","Aberdeen",2,2,0,"draw",6,3,3,"50.00","50.00","0.00","53.00","50.00","3.00",3,1,0,0
"19700222","25598","405709","2026-05-02 14:00:00+03","180","Kilmarnock","282","Dundee United",3,0,3,"home_win",4,8,-4,"41.00","59.00","-18.00","50.00","55.00","-5.00",0,1,0,0
"19700223","25598","405709","2026-05-02 14:00:00+03","284","Dundee","496","St. Mirren",1,0,1,"home_win",5,6,-1,"39.00","61.00","-22.00","59.00","36.00","23.00",1,2,0,0
"19700224","25598","405709","2026-05-02 14:00:00+03","770","Falkirk","309","Motherwell",1,0,1,"home_win",2,5,-3,"49.00","51.00","-2.00","38.00","44.00","-6.00",4,5,0,0
"19700221","25598","405709","2026-05-03 11:00:00+03","66","Hibernian","53","Celtic",1,2,-1,"away_win",0,13,-13,"19.00","81.00","-62.00","83.00","50.00","33.00",3,3,1,0
"19700220","25598","405709","2026-05-04 16:30:00+03","314","Hearts","62","Rangers",2,1,1,"home_win",2,6,-4,"42.00","58.00","-16.00","30.00","30.00","0.00",1,2,0,0
"19700216","25598","405708","2026-05-09 14:00:00+03","496","St. Mirren","180","Kilmarnock",0,3,-3,"away_win",1,4,-3,"59.00","41.00","18.00","40.00","38.00","2.00",3,1,0,0
"19700217","25598","405708","2026-05-09 14:00:00+03","284","Dundee","258","Livingston",3,0,3,"home_win",7,5,2,"43.00","57.00","-14.00","54.00","40.00","14.00",1,1,0,0
"19700218","25598","405708","2026-05-09 14:00:00+03","273","Aberdeen","282","Dundee United",2,0,2,"home_win",4,2,2,"51.00","49.00","2.00","53.00","50.00","3.00",1,5,0,1
"19700219","25598","405708","2026-05-09 14:00:00+03","770","Falkirk","66","Hibernian",1,3,-2,"away_win",6,5,1,"68.00","32.00","36.00","46.00","50.00","-4.00",0,1,0,0
"19700215","25598","405708","2026-05-09 19:00:00+03","309","Motherwell","314","Hearts",1,1,0,"draw",2,6,-4,"47.00","53.00","-6.00","30.00","45.00","-15.00",1,3,0,0
"19700214","25598","405708","2026-05-10 11:00:00+03","53","Celtic","62","Rangers",3,1,2,"home_win",1,7,-6,"51.00","49.00","2.00","40.00","56.00","-16.00",6,2,0,0
"19700211","25598","405707","2026-05-12 18:45:00+03","180","Kilmarnock","284","Dundee",3,1,2,"home_win",6,2,4,"52.00","48.00","4.00","57.00","33.00","24.00",4,3,0,0
"19700212","25598","405707","2026-05-12 18:45:00+03","282","Dundee United","258","Livingston",0,0,0,"draw",7,8,-1,"48.00","52.00","-4.00","33.00","67.00","-34.00",2,4,0,0
"19700213","25598","405707","2026-05-12 18:45:00+03","273","Aberdeen","496","St. Mirren",0,2,-2,"away_win",6,1,5,"58.00","42.00","16.00","31.00","60.00","-29.00",1,2,0,0
"19700208","25598","405707","2026-05-13 19:00:00+03","62","Rangers","66","Hibernian",1,2,-1,"away_win",9,3,6,"72.00","28.00","44.00","44.00","57.00","-13.00",2,2,0,0
"19700209","25598","405707","2026-05-13 19:00:00+03","309","Motherwell","53","Celtic",2,3,-1,"away_win",4,3,1,"48.00","52.00","-4.00","60.00","36.00","24.00",2,3,0,0
"19700210","25598","405707","2026-05-13 19:00:00+03","314","Hearts","770","Falkirk",3,0,3,"home_win",5,5,0,"65.00","35.00","30.00","26.00","33.00","-7.00",1,3,0,0
"19700205","25598","405706","2026-05-16 11:30:00+03","66","Hibernian","309","Motherwell",0,1,-1,"away_win",7,4,3,"49.00","51.00","-2.00","40.00","42.00","-2.00",5,5,0,1
"19700206","25598","405706","2026-05-16 11:30:00+03","770","Falkirk","62","Rangers",2,5,-3,"away_win",7,4,3,"55.00","45.00","10.00","63.00","45.00","18.00",3,0,0,0
"19700207","25598","405706","2026-05-16 11:30:00+03","53","Celtic","314","Hearts",3,1,2,"home_win",9,6,3,"67.00","33.00","34.00","50.00","56.00","-6.00",6,3,0,0
"19700202","25598","405706","2026-05-17 13:00:00+03","496","St. Mirren","282","Dundee United",1,1,0,"draw",10,2,8,"49.00","51.00","-2.00","58.00","60.00","-2.00",0,2,0,0
"19700203","25598","405706","2026-05-17 13:00:00+03","258","Livingston","180","Kilmarnock",1,4,-3,"away_win",6,1,5,"52.00","48.00","4.00","45.00","61.00","-16.00",1,2,0,0
"19700204","25598","405706","2026-05-17 13:00:00+03","284","Dundee","273","Aberdeen",3,2,1,"home_win",7,2,5,"56.00","44.00","12.00","29.00","40.00","-11.00",0,0,0,0
