"match_id","season_id","round_id","starting_at","team_id","team_name","home_away","opponent_id","opponent_team_name","goals","opponent_goals","goals_diff","result","points","corners","ball_possession","successful_dribbles_percentage","yellowcards","redcards"
"19428039","25598","372259","2025-08-02 14:00:00+03","180","Kilmarnock","home","258","Livingston",2,2,0,"draw",1,3,"36.00","25.00",2,1
"19428039","25598","372259","2025-08-02 14:00:00+03","258","Livingston","away","180","Kilmarnock",2,2,0,"draw",1,5,"64.00","36.00",2,0
"19428040","25598","372259","2025-08-02 16:30:00+03","62","Rangers","away","309","Motherwell",1,1,0,"draw",1,12,"62.00","50.00",4,0
"19428040","25598","372259","2025-08-02 16:30:00+03","309","Motherwell","home","62","Rangers",1,1,0,"draw",1,1,"38.00","46.00",1,0
"19428041","25598","372259","2025-08-03 13:00:00+03","282","Dundee United","away","770","Falkirk",2,2,0,"draw",1,4,"48.00","60.00",5,0
"19428041","25598","372259","2025-08-03 13:00:00+03","770","Falkirk","home","282","Dundee United",2,2,0,"draw",1,2,"52.00","32.00",1,0
"19428042","25598","372259","2025-08-03 14:00:00+03","66","Hibernian","away","284","Dundee",2,1,1,"win",3,11,"68.00","25.00",1,0
"19428042","25598","372259","2025-08-03 14:00:00+03","284","Dundee","home","66","Hibernian",1,2,-1,"lose",0,3,"32.00","70.00",3,0
"19428043","25598","372259","2025-08-03 15:30:00+03","53","Celtic","home","496","St. Mirren",1,0,1,"win",3,12,"76.00","43.00",2,0
"19428043","25598","372259","2025-08-03 15:30:00+03","496","St. Mirren","away","53","Celtic",0,1,-1,"lose",0,1,"24.00","40.00",1,0
"19428044","25598","372259","2025-08-04 19:00:00+03","273","Aberdeen","away","314","Hearts",0,2,-2,"lose",0,3,"52.00","48.00",2,0
"19428044","25598","372259","2025-08-04 19:00:00+03","314","Hearts","home","273","Aberdeen",2,0,2,"win",3,3,"48.00","52.00",3,0
"19428045","25598","372260","2025-08-10 14:00:00+03","282","Dundee United","home","314","Hearts",2,3,-1,"lose",0,2,"28.00","42.00",3,0
"19428045","25598","372260","2025-08-10 14:00:00+03","314","Hearts","away","282","Dundee United",3,2,1,"win",3,9,"72.00","33.00",4,0
"19428046","25598","372260","2025-08-10 14:00:00+03","66","Hibernian","home","180","Kilmarnock",2,2,0,"draw",1,4,"60.00","34.00",1,0
"19428046","25598","372260","2025-08-10 14:00:00+03","180","Kilmarnock","away","66","Hibernian",2,2,0,"draw",1,7,"40.00","75.00",2,0
"19428047","25598","372260","2025-08-09 14:00:00+03","258","Livingston","home","770","Falkirk",3,1,2,"win",3,4,"41.00","71.00",4,0
"19428047","25598","372260","2025-08-09 14:00:00+03","770","Falkirk","away","258","Livingston",1,3,-2,"lose",0,5,"59.00","50.00",2,0
"19428048","25598","372260","2025-08-09 14:00:00+03","309","Motherwell","away","496","St. Mirren",0,0,0,"draw",1,4,"66.00","43.00",1,0
"19428048","25598","372260","2025-08-09 14:00:00+03","496","St. Mirren","home","309","Motherwell",0,0,0,"draw",1,7,"34.00","44.00",5,0
"19428049","25598","372260","2025-08-09 16:45:00+03","62","Rangers","home","284","Dundee",1,1,0,"draw",1,7,"76.00","46.00",2,1
"19428049","25598","372260","2025-08-09 16:45:00+03","284","Dundee","away","62","Rangers",1,1,0,"draw",1,4,"24.00","0.00",1,0
"19428050","25598","372260","2025-08-10 11:30:00+03","53","Celtic","away","273","Aberdeen",2,0,2,"win",3,6,"71.00","56.00",3,0
"19428050","25598","372260","2025-08-10 11:30:00+03","273","Aberdeen","home","53","Celtic",0,2,-2,"lose",0,1,"29.00","64.00",2,0
"19428051","25598","372261","2025-08-23 14:00:00+03","53","Celtic","home","258","Livingston",3,0,3,"win",3,10,"78.00","60.00",0,0
"19428051","25598","372261","2025-08-23 14:00:00+03","258","Livingston","away","53","Celtic",0,3,-3,"lose",0,4,"22.00","20.00",1,0
"19428052","25598","372261","2025-09-23 18:45:00+03","273","Aberdeen","away","282","Dundee United",0,2,-2,"lose",0,3,"57.00","75.00",1,0
"19428052","25598","372261","2025-09-23 18:45:00+03","282","Dundee United","home","273","Aberdeen",2,0,2,"win",3,11,"43.00","71.00",2,0
"19428053","25598","372261","2025-09-23 18:45:00+03","66","Hibernian","away","770","Falkirk",2,2,0,"draw",1,5,"49.00","60.00",2,0
"19428053","25598","372261","2025-09-23 18:45:00+03","770","Falkirk","home","66","Hibernian",2,2,0,"draw",1,5,"51.00","44.00",2,0
"19428054","25598","372261","2025-08-23 14:00:00+03","309","Motherwell","away","314","Hearts",3,3,0,"draw",1,3,"51.00","50.00",2,0
"19428054","25598","372261","2025-08-23 14:00:00+03","314","Hearts","home","309","Motherwell",3,3,0,"draw",1,9,"49.00","54.00",3,0
"19428055","25598","372261","2025-08-23 14:00:00+03","180","Kilmarnock","home","284","Dundee",0,0,0,"draw",1,7,"54.00","58.00",3,0
"19428055","25598","372261","2025-08-23 14:00:00+03","284","Dundee","away","180","Kilmarnock",0,0,0,"draw",1,3,"46.00","50.00",3,0
"19428056","25598","372261","2025-08-24 11:00:00+03","62","Rangers","away","496","St. Mirren",1,1,0,"draw",1,6,"71.00","41.00",3,0
"19428056","25598","372261","2025-08-24 11:00:00+03","496","St. Mirren","home","62","Rangers",1,1,0,"draw",1,6,"29.00","78.00",3,0
"19428057","25598","372262","2025-08-31 14:00:00+03","273","Aberdeen","home","770","Falkirk",0,1,-1,"lose",0,5,"38.00","45.00",3,1
"19428057","25598","372262","2025-08-31 14:00:00+03","770","Falkirk","away","273","Aberdeen",1,0,1,"win",3,6,"62.00","42.00",5,0
"19428058","25598","372262","2025-08-31 13:00:00+03","282","Dundee United","away","284","Dundee",2,0,2,"win",3,2,"46.00","62.00",1,0
"19428058","25598","372262","2025-08-31 13:00:00+03","284","Dundee","home","282","Dundee United",0,2,-2,"lose",0,3,"54.00","42.00",0,0
"19428059","25598","372262","2025-08-31 14:00:00+03","66","Hibernian","home","496","St. Mirren",1,1,0,"draw",1,10,"55.00","40.00",1,0
"19428059","25598","372262","2025-08-31 14:00:00+03","496","St. Mirren","away","66","Hibernian",1,1,0,"draw",1,7,"45.00","83.00",1,0
"19428060","25598","372262","2025-08-30 14:00:00+03","258","Livingston","home","314","Hearts",1,2,-1,"lose",0,5,"40.00","55.00",7,0
"19428060","25598","372262","2025-08-30 14:00:00+03","314","Hearts","away","258","Livingston",2,1,1,"win",3,9,"60.00","50.00",2,0
"19428061","25598","372262","2025-08-30 14:00:00+03","180","Kilmarnock","away","309","Motherwell",2,2,0,"draw",1,0,"26.00","71.00",5,0
"19428061","25598","372262","2025-08-30 14:00:00+03","309","Motherwell","home","180","Kilmarnock",2,2,0,"draw",1,9,"74.00","55.00",2,0
"19428062","25598","372262","2025-08-31 11:00:00+03","53","Celtic","away","62","Rangers",0,0,0,"draw",1,1,"59.00","46.00",0,0
"19428062","25598","372262","2025-08-31 11:00:00+03","62","Rangers","home","53","Celtic",0,0,0,"draw",1,8,"41.00","26.00",3,0
"19428063","25598","372263","2025-09-13 14:00:00+03","258","Livingston","away","273","Aberdeen",0,0,0,"draw",1,6,"43.00","50.00",3,0
"19428063","25598","372263","2025-09-13 14:00:00+03","273","Aberdeen","home","258","Livingston",0,0,0,"draw",1,6,"57.00","42.00",4,0
"19428064","25598","372263","2025-09-13 14:00:00+03","284","Dundee","home","309","Motherwell",1,1,0,"draw",1,2,"34.00","29.00",1,1
"19428064","25598","372263","2025-09-13 14:00:00+03","309","Motherwell","away","284","Dundee",1,1,0,"draw",1,6,"66.00","41.00",1,0
"19428065","25598","372263","2025-09-13 14:00:00+03","496","St. Mirren","away","770","Falkirk",2,1,1,"win",3,2,"40.00","71.00",2,0
"19428065","25598","372263","2025-09-13 14:00:00+03","770","Falkirk","home","496","St. Mirren",1,2,-1,"lose",0,4,"60.00","22.00",1,0
"19428066","25598","372263","2025-09-13 16:45:00+03","66","Hibernian","home","282","Dundee United",3,3,0,"draw",1,6,"55.00","70.00",2,0
"19428066","25598","372263","2025-09-13 16:45:00+03","282","Dundee United","away","66","Hibernian",3,3,0,"draw",1,4,"45.00","50.00",4,1
"19428067","25598","372263","2025-09-14 14:00:00+03","53","Celtic","away","180","Kilmarnock",2,1,1,"win",3,7,"76.00","56.00",3,0
"19428067","25598","372263","2025-09-14 14:00:00+03","180","Kilmarnock","home","53","Celtic",1,2,-1,"lose",0,6,"24.00","50.00",2,0
"19428068","25598","372263","2025-09-13 14:00:00+03","62","Rangers","home","314","Hearts",0,2,-2,"lose",0,9,"67.00","58.00",2,0
"19428068","25598","372263","2025-09-13 14:00:00+03","314","Hearts","away","62","Rangers",2,0,2,"win",3,2,"33.00","55.00",1,0
"19428069","25598","372264","2025-09-27 14:00:00+03","53","Celtic","home","66","Hibernian",0,0,0,"draw",1,7,"77.00","33.00",2,0
"19428069","25598","372264","2025-09-27 14:00:00+03","66","Hibernian","away","53","Celtic",0,0,0,"draw",1,2,"23.00","100.00",1,0
"19428070","25598","372264","2025-09-27 14:00:00+03","180","Kilmarnock","away","282","Dundee United",2,0,2,"win",3,6,"40.00","29.00",2,0
"19428070","25598","372264","2025-09-27 14:00:00+03","282","Dundee United","home","180","Kilmarnock",0,2,-2,"lose",0,9,"60.00","64.00",4,0
"19428071","25598","372264","2025-09-27 14:00:00+03","314","Hearts","home","770","Falkirk",3,0,3,"win",3,9,"48.00","50.00",0,0
"19428071","25598","372264","2025-09-27 14:00:00+03","770","Falkirk","away","314","Hearts",0,3,-3,"lose",0,5,"52.00","41.00",1,0
"19428072","25598","372264","2025-09-28 14:00:00+03","62","Rangers","away","258","Livingston",2,1,1,"win",3,8,"65.00","38.00",1,0
"19428072","25598","372264","2025-09-28 14:00:00+03","258","Livingston","home","62","Rangers",1,2,-1,"lose",0,4,"35.00","30.00",4,0
"19428073","25598","372264","2025-09-27 16:45:00+03","273","Aberdeen","away","309","Motherwell",0,2,-2,"lose",0,4,"37.00","40.00",3,0
"19428073","25598","372264","2025-09-27 16:45:00+03","309","Motherwell","home","273","Aberdeen",2,0,2,"win",3,3,"63.00","40.00",0,0
"19428074","25598","372264","2025-09-27 14:00:00+03","284","Dundee","away","496","St. Mirren",0,1,-1,"lose",0,5,"47.00","50.00",2,0
"19428074","25598","372264","2025-09-27 14:00:00+03","496","St. Mirren","home","284","Dundee",1,0,1,"win",3,5,"53.00","50.00",3,0
"19428075","25598","372265","2025-10-05 14:00:00+03","273","Aberdeen","home","284","Dundee",4,0,4,"win",3,11,"63.00","64.00",1,0
"19428075","25598","372265","2025-10-05 14:00:00+03","284","Dundee","away","273","Aberdeen",0,4,-4,"lose",0,2,"37.00","31.00",0,0
"19428076","25598","372265","2025-10-05 14:00:00+03","53","Celtic","home","309","Motherwell",3,2,1,"win",3,10,"62.00","20.00",2,0
"19428076","25598","372265","2025-10-05 14:00:00+03","309","Motherwell","away","53","Celtic",2,3,-1,"lose",0,0,"38.00","43.00",0,0
"19428077","25598","372265","2025-10-04 14:00:00+03","258","Livingston","away","282","Dundee United",1,1,0,"draw",1,5,"56.00","39.00",1,0
"19428077","25598","372265","2025-10-04 14:00:00+03","282","Dundee United","home","258","Livingston",1,1,0,"draw",1,4,"44.00","56.00",1,0
"19428078","25598","372265","2025-10-05 14:00:00+03","62","Rangers","away","770","Falkirk",1,1,0,"draw",1,6,"57.00","49.00",4,0
"19428078","25598","372265","2025-10-05 14:00:00+03","770","Falkirk","home","62","Rangers",1,1,0,"draw",1,7,"43.00","44.00",1,0
"19428079","25598","372265","2025-10-04 16:45:00+03","66","Hibernian","away","314","Hearts",0,1,-1,"lose",0,2,"38.00","38.00",1,0
"19428079","25598","372265","2025-10-04 16:45:00+03","314","Hearts","home","66","Hibernian",1,0,1,"win",3,4,"62.00","56.00",2,0
"19428080","25598","372265","2025-10-04 14:00:00+03","180","Kilmarnock","home","496","St. Mirren",2,0,2,"win",3,4,"36.00","36.00",1,0
"19428080","25598","372265","2025-10-04 14:00:00+03","496","St. Mirren","away","180","Kilmarnock",0,2,-2,"lose",0,9,"64.00","53.00",2,0
"19428081","25598","372266","2025-10-19 11:00:00+03","53","Celtic","away","284","Dundee",0,2,-2,"lose",0,12,"82.00","43.00",2,0
"19428081","25598","372266","2025-10-19 11:00:00+03","284","Dundee","home","53","Celtic",2,0,2,"win",3,2,"18.00","33.00",2,0
"19428082","25598","372266","2025-10-18 14:00:00+03","66","Hibernian","home","258","Livingston",4,0,4,"win",3,7,"47.00","69.00",1,0
"19428082","25598","372266","2025-10-18 14:00:00+03","258","Livingston","away","66","Hibernian",0,4,-4,"lose",0,10,"53.00","71.00",2,0
"19428083","25598","372266","2025-10-18 16:45:00+03","180","Kilmarnock","home","314","Hearts",0,3,-3,"lose",0,4,"41.00","27.00",3,0
"19428083","25598","372266","2025-10-18 16:45:00+03","314","Hearts","away","180","Kilmarnock",3,0,3,"win",3,5,"59.00","0.00",2,0
"19428084","25598","372266","2025-10-18 14:00:00+03","309","Motherwell","home","770","Falkirk",1,2,-1,"lose",0,6,"67.00","47.00",1,0
"19428084","25598","372266","2025-10-18 14:00:00+03","770","Falkirk","away","309","Motherwell",2,1,1,"win",3,4,"33.00","45.00",5,0
"19428085","25598","372266","2025-10-18 14:00:00+03","62","Rangers","home","282","Dundee United",2,2,0,"draw",1,7,"68.00","48.00",0,0
"19428085","25598","372266","2025-10-18 14:00:00+03","282","Dundee United","away","62","Rangers",2,2,0,"draw",1,2,"32.00","21.00",4,0
"19428086","25598","372266","2025-10-18 14:00:00+03","273","Aberdeen","away","496","St. Mirren",1,0,1,"win",3,2,"51.00","57.00",4,0
"19428086","25598","372266","2025-10-18 14:00:00+03","496","St. Mirren","home","273","Aberdeen",0,1,-1,"lose",0,6,"49.00","80.00",2,1
"19428087","25598","372267","2025-10-26 14:30:00+03","66","Hibernian","away","273","Aberdeen",2,1,1,"win",3,3,"46.00","68.00",2,0
"19428087","25598","372267","2025-10-26 14:30:00+03","273","Aberdeen","home","66","Hibernian",1,2,-1,"lose",0,6,"54.00","44.00",0,0
"19428088","25598","372267","2025-10-25 14:00:00+03","282","Dundee United","home","496","St. Mirren",3,1,2,"win",3,4,"45.00","73.00",1,0
"19428088","25598","372267","2025-10-25 14:00:00+03","496","St. Mirren","away","282","Dundee United",1,3,-2,"lose",0,12,"55.00","25.00",1,1
"19428089","25598","372267","2025-10-25 14:00:00+03","284","Dundee","away","770","Falkirk",1,2,-1,"lose",0,3,"34.00","33.00",2,0
"19428089","25598","372267","2025-10-25 14:00:00+03","770","Falkirk","home","284","Dundee",2,1,1,"win",3,5,"66.00","46.00",2,0
"19428090","25598","372267","2025-10-26 12:00:00+03","53","Celtic","away","314","Hearts",1,3,-2,"lose",0,9,"65.00","50.00",1,0
"19428090","25598","372267","2025-10-26 12:00:00+03","314","Hearts","home","53","Celtic",3,1,2,"win",3,5,"35.00","57.00",4,0
"19428091","25598","372267","2025-10-25 14:00:00+03","258","Livingston","home","309","Motherwell",1,2,-1,"lose",0,0,"35.00","40.00",2,0
"19428091","25598","372267","2025-10-25 14:00:00+03","309","Motherwell","away","258","Livingston",2,1,1,"win",3,3,"65.00","52.00",2,0
"19428092","25598","372267","2025-10-26 15:00:00+03","62","Rangers","home","180","Kilmarnock",3,1,2,"win",3,8,"75.00","53.00",2,0
"19428092","25598","372267","2025-10-26 15:00:00+03","180","Kilmarnock","away","62","Rangers",1,3,-2,"lose",0,2,"25.00","56.00",2,0
"19428093","25598","372268","2025-10-29 19:45:00+03","53","Celtic","home","770","Falkirk",4,0,4,"win",3,6,"60.00","36.00",1,0
"19428093","25598","372268","2025-10-29 19:45:00+03","770","Falkirk","away","53","Celtic",0,4,-4,"lose",0,3,"40.00","27.00",2,0
"19428094","25598","372268","2025-09-20 14:00:00+03","258","Livingston","away","284","Dundee",2,3,-1,"lose",0,3,"59.00","59.00",3,0
"19428094","25598","372268","2025-09-20 14:00:00+03","284","Dundee","home","258","Livingston",3,2,1,"win",3,8,"41.00","52.00",1,0
"19428095","25598","372268","2025-10-29 19:45:00+03","62","Rangers","away","66","Hibernian",1,0,1,"win",3,4,"51.00","53.00",3,0
"19428095","25598","372268","2025-10-29 19:45:00+03","66","Hibernian","home","62","Rangers",0,1,-1,"lose",0,5,"49.00","36.00",2,0
"19428096","25598","372268","2025-10-29 19:45:00+03","180","Kilmarnock","home","273","Aberdeen",0,1,-1,"lose",0,7,"57.00","20.00",4,0
"19428096","25598","372268","2025-10-29 19:45:00+03","273","Aberdeen","away","180","Kilmarnock",1,0,1,"win",3,2,"43.00","75.00",6,0
"19428097","25598","372268","2025-10-29 19:45:00+03","282","Dundee United","away","309","Motherwell",0,2,-2,"lose",0,2,"40.00","50.00",2,0
"19428097","25598","372268","2025-10-29 19:45:00+03","309","Motherwell","home","282","Dundee United",2,0,2,"win",3,4,"60.00","75.00",1,0
"19428098","25598","372268","2025-10-29 19:45:00+03","314","Hearts","away","496","St. Mirren",2,2,0,"draw",1,7,"52.00","55.00",2,0
"19428098","25598","372268","2025-10-29 19:45:00+03","496","St. Mirren","home","314","Hearts",2,2,0,"draw",1,6,"48.00","36.00",2,0
"19428100","25598","372269","2025-11-01 15:00:00+03","180","Kilmarnock","away","770","Falkirk",1,3,-2,"lose",0,6,"51.00","24.00",1,0
"19428100","25598","372269","2025-11-01 15:00:00+03","770","Falkirk","home","180","Kilmarnock",3,1,2,"win",3,2,"49.00","61.00",0,0
"19428101","25598","372269","2025-11-01 15:00:00+03","284","Dundee","away","314","Hearts",0,4,-4,"lose",0,2,"33.00","60.00",2,0
"19428101","25598","372269","2025-11-01 15:00:00+03","314","Hearts","home","284","Dundee",4,0,4,"win",3,6,"67.00","71.00",0,0
"19428102","25598","372269","2026-01-20 19:45:00+03","258","Livingston","home","496","St. Mirren",1,1,0,"draw",1,3,"56.00","48.00",3,0
"19428102","25598","372269","2026-01-20 19:45:00+03","496","St. Mirren","away","258","Livingston",1,1,0,"draw",1,4,"44.00","41.00",3,0
"19428105","25598","372270","2025-11-09 15:00:00+03","273","Aberdeen","home","309","Motherwell",1,1,0,"draw",1,4,"35.00","44.00",4,0
"19428105","25598","372270","2025-11-09 15:00:00+03","309","Motherwell","away","273","Aberdeen",1,1,0,"draw",1,6,"65.00","34.00",1,0
"19428106","25598","372270","2025-11-09 16:00:00+03","53","Celtic","home","180","Kilmarnock",4,0,4,"win",3,8,"75.00","42.00",2,0
"19428106","25598","372270","2025-11-09 16:00:00+03","180","Kilmarnock","away","53","Celtic",0,4,-4,"lose",0,7,"25.00","17.00",2,0
"19428107","25598","372270","2025-11-09 15:00:00+03","62","Rangers","away","284","Dundee",3,0,3,"win",3,6,"54.00","38.00",1,0
"19428107","25598","372270","2025-11-09 15:00:00+03","284","Dundee","home","62","Rangers",0,3,-3,"lose",0,4,"46.00","43.00",0,0
"19428108","25598","372270","2025-11-08 15:00:00+03","258","Livingston","away","770","Falkirk",1,1,0,"draw",1,1,"57.00","60.00",2,0
"19428108","25598","372270","2025-11-08 15:00:00+03","770","Falkirk","home","258","Livingston",1,1,0,"draw",1,6,"43.00","40.00",3,0
"19428109","25598","372270","2025-11-08 17:45:00+03","66","Hibernian","away","496","St. Mirren",3,0,3,"win",3,6,"54.00","45.00",1,0
"19428109","25598","372270","2025-11-08 17:45:00+03","496","St. Mirren","home","66","Hibernian",0,3,-3,"lose",0,5,"46.00","33.00",4,0
"19428110","25598","372270","2025-11-09 15:00:00+03","282","Dundee United","away","314","Hearts",1,1,0,"draw",1,3,"37.00","53.00",4,0
"19428110","25598","372270","2025-11-09 15:00:00+03","314","Hearts","home","282","Dundee United",1,1,0,"draw",1,4,"63.00","18.00",2,0
"19428111","25598","372271","2025-11-23 15:00:00+03","273","Aberdeen","home","314","Hearts",1,0,1,"win",3,6,"40.00","41.00",3,0
"19428111","25598","372271","2025-11-23 15:00:00+03","314","Hearts","away","273","Aberdeen",0,1,-1,"lose",0,3,"60.00","37.00",4,0
"19428112","25598","372271","2025-11-22 15:00:00+03","282","Dundee United","home","770","Falkirk",0,3,-3,"lose",0,5,"43.00","60.00",3,0
"19428112","25598","372271","2025-11-22 15:00:00+03","770","Falkirk","away","282","Dundee United",3,0,3,"win",3,5,"57.00","50.00",3,0
"19428113","25598","372271","2025-11-22 15:00:00+03","66","Hibernian","home","284","Dundee",2,0,2,"win",3,8,"57.00","40.00",2,0
"19428113","25598","372271","2025-11-22 15:00:00+03","284","Dundee","away","66","Hibernian",0,2,-2,"lose",0,3,"43.00","44.00",1,0
"19428114","25598","372271","2025-11-22 15:00:00+03","180","Kilmarnock","home","309","Motherwell",1,3,-2,"lose",0,3,"41.00","56.00",1,0
"19428114","25598","372271","2025-11-22 15:00:00+03","309","Motherwell","away","180","Kilmarnock",3,1,2,"win",3,3,"59.00","41.00",5,0
"19428115","25598","372271","2025-11-22 15:00:00+03","62","Rangers","home","258","Livingston",2,1,1,"win",3,2,"73.00","55.00",2,0
"19428115","25598","372271","2025-11-22 15:00:00+03","258","Livingston","away","62","Rangers",1,2,-1,"lose",0,1,"27.00","44.00",4,0
"19428116","25598","372271","2025-11-22 20:00:00+03","53","Celtic","away","496","St. Mirren",1,0,1,"win",3,4,"73.00","46.00",1,0
"19428116","25598","372271","2025-11-22 20:00:00+03","496","St. Mirren","home","53","Celtic",0,1,-1,"lose",0,2,"27.00","67.00",2,0
"19428117","25598","372272","2025-11-29 15:00:00+03","284","Dundee","home","496","St. Mirren",3,1,2,"win",3,1,"38.00","30.00",0,0
"19428117","25598","372272","2025-11-29 15:00:00+03","496","St. Mirren","away","284","Dundee",1,3,-2,"lose",0,11,"62.00","89.00",2,0
"19428118","25598","372272","2025-11-30 12:00:00+03","53","Celtic","away","66","Hibernian",2,1,1,"win",3,3,"60.00","33.00",3,0
"19428118","25598","372272","2025-11-30 12:00:00+03","66","Hibernian","home","53","Celtic",1,2,-1,"lose",0,4,"40.00","25.00",3,0
"19428119","25598","372272","2025-11-29 17:45:00+03","180","Kilmarnock","home","282","Dundee United",1,1,0,"draw",1,3,"46.00","33.00",3,0
"19428119","25598","372272","2025-11-29 17:45:00+03","282","Dundee United","away","180","Kilmarnock",1,1,0,"draw",1,3,"54.00","75.00",2,0
"19428120","25598","372272","2025-11-30 15:00:00+03","258","Livingston","home","273","Aberdeen",0,1,-1,"lose",0,7,"56.00","38.00",1,0
"19428120","25598","372272","2025-11-30 15:00:00+03","273","Aberdeen","away","258","Livingston",1,0,1,"win",3,4,"44.00","62.00",1,0
"19428121","25598","372272","2025-11-29 15:00:00+03","309","Motherwell","home","314","Hearts",0,0,0,"draw",1,3,"55.00","59.00",2,0
"19428121","25598","372272","2025-11-29 15:00:00+03","314","Hearts","away","309","Motherwell",0,0,0,"draw",1,4,"45.00","42.00",4,0
"19428122","25598","372272","2025-11-30 14:00:00+03","62","Rangers","home","770","Falkirk",0,0,0,"draw",1,4,"61.00","56.00",0,0
"19428122","25598","372272","2025-11-30 14:00:00+03","770","Falkirk","away","62","Rangers",0,0,0,"draw",1,5,"39.00","33.00",3,0
"19428123","25598","372273","2025-12-03 19:45:00+03","273","Aberdeen","home","496","St. Mirren",3,3,0,"draw",1,8,"67.00","47.00",0,0
"19428123","25598","372273","2025-12-03 19:45:00+03","496","St. Mirren","away","273","Aberdeen",3,3,0,"draw",1,6,"33.00","38.00",1,0
"19428124","25598","372273","2025-12-03 19:45:00+03","53","Celtic","home","284","Dundee",1,0,1,"win",3,6,"71.00","39.00",3,0
"19428124","25598","372273","2025-12-03 19:45:00+03","284","Dundee","away","53","Celtic",0,1,-1,"lose",0,0,"29.00","50.00",0,0
"19428125","25598","372273","2025-12-03 19:45:00+03","62","Rangers","away","282","Dundee United",2,2,0,"draw",1,9,"67.00","45.00",3,0
"19428125","25598","372273","2025-12-03 19:45:00+03","282","Dundee United","home","62","Rangers",2,2,0,"draw",1,8,"33.00","75.00",3,0
"19428126","25598","372273","2025-12-03 19:45:00+03","309","Motherwell","away","770","Falkirk",0,0,0,"draw",1,3,"63.00","56.00",0,0
"19428126","25598","372273","2025-12-03 19:45:00+03","770","Falkirk","home","309","Motherwell",0,0,0,"draw",1,6,"37.00","50.00",2,0
"19428127","25598","372273","2025-12-03 19:45:00+03","180","Kilmarnock","away","314","Hearts",1,1,0,"draw",1,1,"35.00","31.00",2,0
"19428127","25598","372273","2025-12-03 19:45:00+03","314","Hearts","home","180","Kilmarnock",1,1,0,"draw",1,9,"65.00","46.00",1,0
"19428128","25598","372273","2025-11-01 15:00:00+03","66","Hibernian","away","258","Livingston",2,2,0,"draw",1,1,"52.00","61.00",3,0
"19428128","25598","372273","2025-11-01 15:00:00+03","258","Livingston","home","66","Hibernian",2,2,0,"draw",1,6,"48.00","64.00",3,0
"19428129","25598","372274","2025-12-07 15:00:00+03","53","Celtic","home","314","Hearts",1,2,-1,"lose",0,5,"72.00","36.00",1,0
"19428129","25598","372274","2025-12-07 15:00:00+03","314","Hearts","away","53","Celtic",2,1,1,"win",3,3,"28.00","8.00",3,0
"19428130","25598","372274","2025-12-06 15:00:00+03","273","Aberdeen","away","284","Dundee",3,1,2,"win",3,4,"46.00","79.00",1,0
"19428130","25598","372274","2025-12-06 15:00:00+03","284","Dundee","home","273","Aberdeen",1,3,-2,"lose",0,6,"54.00","31.00",2,0
"19428131","25598","372274","2025-12-06 15:00:00+03","66","Hibernian","home","770","Falkirk",3,0,3,"win",3,10,"42.00","65.00",1,0
"19428131","25598","372274","2025-12-06 15:00:00+03","770","Falkirk","away","66","Hibernian",0,3,-3,"lose",0,4,"58.00","33.00",4,0
"19428132","25598","372274","2025-12-06 20:00:00+03","62","Rangers","away","180","Kilmarnock",3,0,3,"win",3,2,"60.00","53.00",2,0
"19428132","25598","372274","2025-12-06 20:00:00+03","180","Kilmarnock","home","62","Rangers",0,3,-3,"lose",0,7,"40.00","50.00",2,0
"19428133","25598","372274","2025-12-06 15:00:00+03","258","Livingston","away","309","Motherwell",0,3,-3,"lose",0,5,"42.00","44.00",3,0
"19428133","25598","372274","2025-12-06 15:00:00+03","309","Motherwell","home","258","Livingston",3,0,3,"win",3,4,"58.00","43.00",2,0
"19428134","25598","372274","2025-12-06 15:00:00+03","282","Dundee United","away","496","St. Mirren",0,2,-2,"lose",0,2,"61.00","38.00",2,0
"19428134","25598","372274","2025-12-06 15:00:00+03","496","St. Mirren","home","282","Dundee United",2,0,2,"win",3,3,"39.00","50.00",2,0
"19428135","25598","372275","2025-12-14 15:00:00+03","180","Kilmarnock","away","273","Aberdeen",1,2,-1,"lose",0,3,"32.00","30.00",5,0
"19428135","25598","372275","2025-12-14 15:00:00+03","273","Aberdeen","home","180","Kilmarnock",2,1,1,"win",3,9,"68.00","21.00",2,0
"19428136","25598","372275","2025-12-13 15:00:00+03","282","Dundee United","home","309","Motherwell",0,0,0,"draw",1,1,"31.00","36.00",3,0
"19428136","25598","372275","2025-12-13 15:00:00+03","309","Motherwell","away","282","Dundee United",0,0,0,"draw",1,4,"69.00","45.00",3,0
"19428137","25598","372275","2026-01-14 19:45:00+03","53","Celtic","away","770","Falkirk",1,0,1,"win",3,4,"57.00","56.00",1,0
"19428137","25598","372275","2026-01-14 19:45:00+03","770","Falkirk","home","53","Celtic",0,1,-1,"lose",0,3,"43.00","60.00",0,0
"19428138","25598","372275","2026-01-14 19:45:00+03","314","Hearts","home","496","St. Mirren",2,0,2,"win",3,3,"40.00","32.00",0,1
"19428138","25598","372275","2026-01-14 19:45:00+03","496","St. Mirren","away","314","Hearts",0,2,-2,"lose",0,5,"60.00","31.00",1,0
"19428139","25598","372275","2025-12-13 15:00:00+03","258","Livingston","home","284","Dundee",2,2,0,"draw",1,7,"65.00","33.00",2,1
"19428139","25598","372275","2025-12-13 15:00:00+03","284","Dundee","away","258","Livingston",2,2,0,"draw",1,0,"35.00","42.00",2,0
"19428140","25598","372275","2025-12-15 19:45:00+03","62","Rangers","home","66","Hibernian",1,0,1,"win",3,5,"52.00","47.00",1,0
"19428140","25598","372275","2025-12-15 19:45:00+03","66","Hibernian","away","62","Rangers",0,1,-1,"lose",0,5,"48.00","30.00",3,0
"19428141","25598","372276","2025-12-21 15:00:00+03","53","Celtic","home","273","Aberdeen",3,1,2,"win",3,8,"73.00","67.00",1,0
"19428141","25598","372276","2025-12-21 15:00:00+03","273","Aberdeen","away","53","Celtic",1,3,-2,"lose",0,4,"27.00","73.00",2,1
"19428142","25598","372276","2025-12-20 15:00:00+03","66","Hibernian","away","282","Dundee United",1,1,0,"draw",1,7,"59.00","45.00",2,0
"19428142","25598","372276","2025-12-20 15:00:00+03","282","Dundee United","home","66","Hibernian",1,1,0,"draw",1,5,"41.00","40.00",2,0
"19428143","25598","372276","2025-12-21 13:30:00+03","62","Rangers","away","314","Hearts",1,2,-1,"lose",0,10,"58.00","75.00",1,0
"19428143","25598","372276","2025-12-21 13:30:00+03","314","Hearts","home","62","Rangers",2,1,1,"win",3,6,"42.00","29.00",2,0
"19428144","25598","372276","2025-12-20 15:00:00+03","180","Kilmarnock","home","770","Falkirk",0,1,-1,"lose",0,2,"55.00","57.00",2,0
"19428144","25598","372276","2025-12-20 15:00:00+03","770","Falkirk","away","180","Kilmarnock",1,0,1,"win",3,2,"45.00","36.00",1,0
"19428145","25598","372276","2025-12-20 15:00:00+03","284","Dundee","away","309","Motherwell",0,1,-1,"lose",0,3,"40.00","67.00",2,0
"19428145","25598","372276","2025-12-20 15:00:00+03","309","Motherwell","home","284","Dundee",1,0,1,"win",3,2,"60.00","47.00",1,0
"19428146","25598","372276","2025-12-20 15:00:00+03","258","Livingston","away","496","St. Mirren",0,1,-1,"lose",0,4,"42.00","57.00",1,0
"19428146","25598","372276","2025-12-20 15:00:00+03","496","St. Mirren","home","258","Livingston",1,0,1,"win",3,7,"58.00","47.00",0,0
"19428147","25598","372277","2025-12-27 12:30:00+03","66","Hibernian","home","314","Hearts",3,2,1,"win",3,3,"33.00","22.00",1,0
"19428147","25598","372277","2025-12-27 12:30:00+03","314","Hearts","away","66","Hibernian",2,3,-1,"lose",0,8,"67.00","45.00",0,0
"19428148","25598","372277","2025-12-27 17:45:00+03","273","Aberdeen","home","282","Dundee United",1,1,0,"draw",1,9,"72.00","50.00",2,0
"19428148","25598","372277","2025-12-27 17:45:00+03","282","Dundee United","away","273","Aberdeen",1,1,0,"draw",1,5,"28.00","100.00",3,0
"19428149","25598","372277","2025-12-27 15:00:00+03","284","Dundee","home","770","Falkirk",1,0,1,"win",3,1,"42.00","29.00",3,1
"19428149","25598","372277","2025-12-27 15:00:00+03","770","Falkirk","away","284","Dundee",0,1,-1,"lose",0,9,"58.00","29.00",2,0
"19428150","25598","372277","2025-12-27 15:00:00+03","53","Celtic","away","258","Livingston",4,2,2,"win",3,4,"66.00","57.00",0,0
"19428150","25598","372277","2025-12-27 15:00:00+03","258","Livingston","home","53","Celtic",2,4,-2,"lose",0,11,"34.00","38.00",1,0
"19428151","25598","372277","2025-12-27 15:00:00+03","62","Rangers","home","309","Motherwell",1,0,1,"win",3,5,"46.00","58.00",3,0
"19428151","25598","372277","2025-12-27 15:00:00+03","309","Motherwell","away","62","Rangers",0,1,-1,"lose",0,1,"54.00","55.00",1,0
"19428152","25598","372277","2025-12-27 15:00:00+03","180","Kilmarnock","away","496","St. Mirren",0,0,0,"draw",1,4,"41.00","53.00",0,0
"19428152","25598","372277","2025-12-27 15:00:00+03","496","St. Mirren","home","180","Kilmarnock",0,0,0,"draw",1,11,"59.00","79.00",1,0
"19428153","25598","372278","2025-12-30 19:45:00+03","180","Kilmarnock","away","284","Dundee",1,2,-1,"lose",0,5,"43.00","29.00",4,0
"19428153","25598","372278","2025-12-30 19:45:00+03","284","Dundee","home","180","Kilmarnock",2,1,1,"win",3,7,"57.00","64.00",2,0
"19428154","25598","372278","2025-12-13 20:00:00+03","314","Hearts","away","770","Falkirk",2,0,2,"win",3,7,"53.00","35.00",2,0
"19428154","25598","372278","2025-12-13 20:00:00+03","770","Falkirk","home","314","Hearts",0,2,-2,"lose",0,3,"47.00","47.00",2,0
"19428155","25598","372278","2025-12-30 19:45:00+03","66","Hibernian","home","273","Aberdeen",2,0,2,"win",3,4,"58.00","76.00",1,0
"19428155","25598","372278","2025-12-30 19:45:00+03","273","Aberdeen","away","66","Hibernian",0,2,-2,"lose",0,5,"42.00","50.00",2,0
"19428156","25598","372278","2025-12-30 19:45:00+03","258","Livingston","home","282","Dundee United",1,3,-2,"lose",0,2,"56.00","50.00",4,0
"19428156","25598","372278","2025-12-30 19:45:00+03","282","Dundee United","away","258","Livingston",3,1,2,"win",3,7,"44.00","59.00",0,0
"19428157","25598","372278","2025-12-30 20:00:00+03","53","Celtic","away","309","Motherwell",0,2,-2,"lose",0,3,"57.00","47.00",4,0
"19428157","25598","372278","2025-12-30 20:00:00+03","309","Motherwell","home","53","Celtic",2,0,2,"win",3,1,"43.00","20.00",0,0
"19428158","25598","372278","2025-12-30 19:45:00+03","62","Rangers","home","496","St. Mirren",2,1,1,"win",3,5,"59.00","64.00",1,0
"19428158","25598","372278","2025-12-30 19:45:00+03","496","St. Mirren","away","62","Rangers",1,2,-1,"lose",0,4,"41.00","22.00",2,0
"19428159","25598","372279","2026-01-03 12:30:00+03","53","Celtic","home","62","Rangers",1,3,-2,"lose",0,8,"66.00","58.00",0,0
"19428159","25598","372279","2026-01-03 12:30:00+03","62","Rangers","away","53","Celtic",3,1,2,"win",3,5,"34.00","46.00",3,0
"19428160","25598","372279","2026-01-03 15:00:00+03","282","Dundee United","home","284","Dundee",0,1,-1,"lose",0,8,"55.00","40.00",2,0
"19428160","25598","372279","2026-01-03 15:00:00+03","284","Dundee","away","282","Dundee United",1,0,1,"win",3,2,"45.00","46.00",1,0
"19428161","25598","372279","2026-01-03 15:00:00+03","273","Aberdeen","away","770","Falkirk",0,1,-1,"lose",0,4,"44.00","42.00",4,0
"19428161","25598","372279","2026-01-03 15:00:00+03","770","Falkirk","home","273","Aberdeen",1,0,1,"win",3,5,"56.00","35.00",2,0
"19428162","25598","372279","2026-01-03 15:00:00+03","258","Livingston","away","314","Hearts",0,1,-1,"lose",0,3,"37.00","56.00",3,0
"19428162","25598","372279","2026-01-03 15:00:00+03","314","Hearts","home","258","Livingston",1,0,1,"win",3,7,"63.00","43.00",0,0
"19428163","25598","372279","2026-01-03 15:00:00+03","66","Hibernian","away","180","Kilmarnock",3,1,2,"win",3,3,"56.00","33.00",3,0
"19428163","25598","372279","2026-01-03 15:00:00+03","180","Kilmarnock","home","66","Hibernian",1,3,-2,"lose",0,5,"44.00","50.00",3,1
"19428164","25598","372279","2026-01-03 15:00:00+03","309","Motherwell","home","496","St. Mirren",2,0,2,"win",3,9,"55.00","53.00",0,0
"19428164","25598","372279","2026-01-03 15:00:00+03","496","St. Mirren","away","309","Motherwell",0,2,-2,"lose",0,8,"45.00","57.00",4,0
"19428165","25598","372280","2026-01-11 16:30:00+03","62","Rangers","away","273","Aberdeen",2,0,2,"win",3,6,"48.00","54.00",3,0
"19428165","25598","372280","2026-01-11 16:30:00+03","273","Aberdeen","home","62","Rangers",0,2,-2,"lose",0,6,"52.00","42.00",2,0
"19428166","25598","372280","2026-01-10 15:00:00+03","53","Celtic","home","282","Dundee United",4,0,4,"win",3,11,"78.00","69.00",1,0
"19428166","25598","372280","2026-01-10 15:00:00+03","282","Dundee United","away","53","Celtic",0,4,-4,"lose",0,3,"22.00","33.00",0,0
"19428167","25598","372280","2026-01-11 14:00:00+03","284","Dundee","home","314","Hearts",0,1,-1,"lose",0,6,"53.00","45.00",2,0
"19428167","25598","372280","2026-01-11 14:00:00+03","314","Hearts","away","284","Dundee",1,0,1,"win",3,4,"47.00","71.00",0,1
"19428168","25598","372280","2026-01-10 15:00:00+03","66","Hibernian","home","309","Motherwell",1,1,0,"draw",1,4,"46.00","38.00",2,0
"19428168","25598","372280","2026-01-10 15:00:00+03","309","Motherwell","away","66","Hibernian",1,1,0,"draw",1,4,"54.00","56.00",5,0
"19428169","25598","372280","2026-01-10 15:00:00+03","180","Kilmarnock","away","258","Livingston",1,1,0,"draw",1,5,"39.00","40.00",1,0
"19428169","25598","372280","2026-01-10 15:00:00+03","258","Livingston","home","180","Kilmarnock",1,1,0,"draw",1,7,"61.00","50.00",4,0
"19428170","25598","372280","2026-01-10 15:00:00+03","496","St. Mirren","home","770","Falkirk",0,2,-2,"lose",0,4,"38.00","40.00",2,0
"19428170","25598","372280","2026-01-10 15:00:00+03","770","Falkirk","away","496","St. Mirren",2,0,2,"win",3,8,"62.00","29.00",1,0
"19428171","25598","372281","2026-01-24 15:00:00+03","258","Livingston","away","273","Aberdeen",2,6,-4,"lose",0,2,"39.00","40.00",2,1
"19428171","25598","372281","2026-01-24 15:00:00+03","273","Aberdeen","home","258","Livingston",6,2,4,"win",3,8,"61.00","58.00",4,1
"19428172","25598","372281","2026-03-03 19:45:00+03","282","Dundee United","home","496","St. Mirren",2,1,1,"win",3,8,"53.00","62.00",2,0
"19428172","25598","372281","2026-03-03 19:45:00+03","496","St. Mirren","away","282","Dundee United",1,2,-1,"lose",0,4,"47.00","22.00",1,0
"19428173","25598","372281","2026-01-24 15:00:00+03","66","Hibernian","away","770","Falkirk",1,4,-3,"lose",0,4,"49.00","29.00",2,0
"19428173","25598","372281","2026-01-24 15:00:00+03","770","Falkirk","home","66","Hibernian",4,1,3,"win",3,7,"51.00","53.00",2,0
"19428174","25598","372281","2026-01-25 15:00:00+03","53","Celtic","away","314","Hearts",2,2,0,"draw",1,2,"45.00","40.00",6,1
"19428174","25598","372281","2026-01-25 15:00:00+03","314","Hearts","home","53","Celtic",2,2,0,"draw",1,2,"55.00","29.00",3,0
"19428175","25598","372281","2026-01-24 15:00:00+03","180","Kilmarnock","away","309","Motherwell",0,4,-4,"lose",0,1,"27.00","25.00",2,1
"19428175","25598","372281","2026-01-24 15:00:00+03","309","Motherwell","home","180","Kilmarnock",4,0,4,"win",3,2,"73.00","29.00",0,0
"19428176","25598","372281","2026-01-25 15:00:00+03","62","Rangers","home","284","Dundee",3,0,3,"win",3,7,"54.00","81.00",1,0
"19428176","25598","372281","2026-01-25 15:00:00+03","284","Dundee","away","62","Rangers",0,3,-3,"lose",0,1,"46.00","31.00",1,0
"19428177","25598","372282","2026-02-01 15:00:00+03","53","Celtic","home","770","Falkirk",2,0,2,"win",3,9,"58.00","53.00",0,0
"19428177","25598","372282","2026-02-01 15:00:00+03","770","Falkirk","away","53","Celtic",0,2,-2,"lose",0,4,"42.00","54.00",2,0
"19428178","25598","372282","2026-01-31 20:00:00+03","282","Dundee United","home","314","Hearts",0,3,-3,"lose",0,0,"30.00","46.00",3,2
"19428178","25598","372282","2026-01-31 20:00:00+03","314","Hearts","away","282","Dundee United",3,0,3,"win",3,6,"70.00","42.00",1,0
"19428179","25598","372282","2026-02-01 14:00:00+03","62","Rangers","away","66","Hibernian",0,0,0,"draw",1,8,"55.00","61.00",2,0
"19428179","25598","372282","2026-02-01 14:00:00+03","66","Hibernian","home","62","Rangers",0,0,0,"draw",1,9,"45.00","40.00",3,0
"19428180","25598","372282","2026-01-31 15:00:00+03","180","Kilmarnock","home","273","Aberdeen",3,0,3,"win",3,7,"55.00","40.00",3,0
"19428180","25598","372282","2026-01-31 15:00:00+03","273","Aberdeen","away","180","Kilmarnock",0,3,-3,"lose",0,3,"45.00","58.00",3,1
"19428181","25598","372282","2026-01-31 15:00:00+03","258","Livingston","home","309","Motherwell",0,2,-2,"lose",0,7,"49.00","67.00",1,0
"19428181","25598","372282","2026-01-31 15:00:00+03","309","Motherwell","away","258","Livingston",2,0,2,"win",3,7,"51.00","35.00",0,0
"19428182","25598","372282","2026-01-31 15:00:00+03","284","Dundee","away","496","St. Mirren",0,0,0,"draw",1,6,"60.00","31.00",0,0
"19428182","25598","372282","2026-01-31 15:00:00+03","496","St. Mirren","home","284","Dundee",0,0,0,"draw",1,5,"40.00","43.00",0,1
"19428183","25598","372283","2026-03-04 20:00:00+03","53","Celtic","away","273","Aberdeen",2,1,1,"win",3,6,"62.00","33.00",2,0
"19428183","25598","372283","2026-03-04 20:00:00+03","273","Aberdeen","home","53","Celtic",1,2,-1,"lose",0,6,"38.00","37.00",2,0
"19428184","25598","372283","2026-03-07 15:00:00+03","284","Dundee","home","309","Motherwell",2,1,1,"win",3,3,"33.00","44.00",4,0
"19428184","25598","372283","2026-03-07 15:00:00+03","309","Motherwell","away","284","Dundee",1,2,-1,"lose",0,1,"67.00","38.00",2,0
"19428185","25598","372283","2026-02-04 19:45:00+03","66","Hibernian","home","282","Dundee United",3,2,1,"win",3,4,"50.00","25.00",2,0
"19428185","25598","372283","2026-02-04 19:45:00+03","282","Dundee United","away","66","Hibernian",2,3,-1,"lose",0,6,"50.00","58.00",0,0
"19428186","25598","372283","2026-02-04 19:45:00+03","258","Livingston","home","770","Falkirk",1,2,-1,"lose",0,6,"44.00","47.00",3,0
"19428186","25598","372283","2026-02-04 19:45:00+03","770","Falkirk","away","258","Livingston",2,1,1,"win",3,4,"56.00","42.00",4,0
"19428187","25598","372283","2026-02-04 19:45:00+03","62","Rangers","home","180","Kilmarnock",5,1,4,"win",3,10,"69.00","56.00",1,0
"19428187","25598","372283","2026-02-04 19:45:00+03","180","Kilmarnock","away","62","Rangers",1,5,-4,"lose",0,1,"31.00","62.00",2,1
"19428188","25598","372283","2026-02-03 20:00:00+03","314","Hearts","away","496","St. Mirren",0,1,-1,"lose",0,2,"46.00","13.00",1,1
"19428188","25598","372283","2026-02-03 20:00:00+03","496","St. Mirren","home","314","Hearts",1,0,1,"win",3,7,"54.00","45.00",1,0
"19428189","25598","372284","2026-02-11 19:45:00+03","53","Celtic","home","258","Livingston",2,1,1,"win",3,10,"79.00","69.00",2,0
"19428189","25598","372284","2026-02-11 19:45:00+03","258","Livingston","away","53","Celtic",1,2,-1,"lose",0,3,"21.00","75.00",4,0
"19428190","25598","372284","2026-02-24 19:45:00+03","273","Aberdeen","away","282","Dundee United",0,0,0,"draw",1,6,"57.00","16.00",0,0
"19428190","25598","372284","2026-02-24 19:45:00+03","282","Dundee United","home","273","Aberdeen",0,0,0,"draw",1,4,"43.00","45.00",0,0
"19428191","25598","372284","2026-02-11 19:45:00+03","284","Dundee","away","770","Falkirk",0,1,-1,"lose",0,4,"50.00","48.00",1,0
"19428191","25598","372284","2026-02-11 19:45:00+03","770","Falkirk","home","284","Dundee",1,0,1,"win",3,4,"50.00","20.00",3,0
"19428192","25598","372284","2026-02-10 20:00:00+03","66","Hibernian","away","314","Hearts",0,1,-1,"lose",0,8,"48.00","27.00",3,0
"19428192","25598","372284","2026-02-10 20:00:00+03","314","Hearts","home","66","Hibernian",1,0,1,"win",3,4,"52.00","29.00",0,0
"19428193","25598","372284","2026-02-11 19:45:00+03","180","Kilmarnock","home","496","St. Mirren",4,3,1,"win",3,9,"58.00","50.00",1,0
"19428193","25598","372284","2026-02-11 19:45:00+03","496","St. Mirren","away","180","Kilmarnock",3,4,-1,"lose",0,4,"42.00","64.00",3,0
"19428194","25598","372284","2026-02-11 20:00:00+03","62","Rangers","away","309","Motherwell",1,1,0,"draw",1,3,"36.00","29.00",5,0
"19428194","25598","372284","2026-02-11 20:00:00+03","309","Motherwell","home","62","Rangers",1,1,0,"draw",1,6,"64.00","29.00",2,1
"19428195","25598","372285","2026-02-14 15:00:00+03","258","Livingston","away","284","Dundee",2,2,0,"draw",1,2,"29.00","56.00",2,0
"19428195","25598","372285","2026-02-14 15:00:00+03","284","Dundee","home","258","Livingston",2,2,0,"draw",1,10,"71.00","55.00",2,0
"19428196","25598","372285","2026-02-14 15:00:00+03","282","Dundee United","away","770","Falkirk",3,2,1,"win",3,5,"41.00","39.00",3,0
"19428196","25598","372285","2026-02-14 15:00:00+03","770","Falkirk","home","282","Dundee United",2,3,-1,"lose",0,4,"59.00","47.00",1,1
"19428197","25598","372285","2026-02-14 15:00:00+03","66","Hibernian","home","496","St. Mirren",2,0,2,"win",3,6,"58.00","63.00",0,0
"19428197","25598","372285","2026-02-14 15:00:00+03","496","St. Mirren","away","66","Hibernian",0,2,-2,"lose",0,8,"42.00","63.00",3,0
"19428198","25598","372285","2026-02-15 14:00:00+03","53","Celtic","away","180","Kilmarnock",3,2,1,"win",3,7,"61.00","52.00",3,0
"19428198","25598","372285","2026-02-15 14:00:00+03","180","Kilmarnock","home","53","Celtic",2,3,-1,"lose",0,6,"39.00","38.00",1,0
"19428199","25598","372285","2026-02-15 14:30:00+03","273","Aberdeen","away","309","Motherwell",0,2,-2,"lose",0,2,"54.00","60.00",6,0
"19428199","25598","372285","2026-02-15 14:30:00+03","309","Motherwell","home","273","Aberdeen",2,0,2,"win",3,4,"46.00","50.00",1,0
"19428200","25598","372285","2026-02-15 16:30:00+03","62","Rangers","home","314","Hearts",4,2,2,"win",3,7,"56.00","52.00",3,0
"19428200","25598","372285","2026-02-15 16:30:00+03","314","Hearts","away","62","Rangers",2,4,-2,"lose",0,3,"44.00","41.00",3,0
"19428201","25598","372286","2026-02-21 15:00:00+03","273","Aberdeen","home","284","Dundee",2,3,-1,"lose",0,2,"53.00","57.00",3,1
"19428201","25598","372286","2026-02-21 15:00:00+03","284","Dundee","away","273","Aberdeen",3,2,1,"win",3,9,"47.00","61.00",2,0
"19428202","25598","372286","2026-02-22 15:00:00+03","53","Celtic","home","66","Hibernian",1,2,-1,"lose",0,11,"61.00","64.00",2,1
"19428202","25598","372286","2026-02-22 15:00:00+03","66","Hibernian","away","53","Celtic",2,1,1,"win",3,1,"39.00","67.00",1,0
"19428203","25598","372286","2026-02-21 15:00:00+03","180","Kilmarnock","away","282","Dundee United",1,1,0,"draw",1,3,"60.00","38.00",3,1
"19428203","25598","372286","2026-02-21 15:00:00+03","282","Dundee United","home","180","Kilmarnock",1,1,0,"draw",1,6,"40.00","50.00",1,0
"19428204","25598","372286","2026-02-21 15:00:00+03","314","Hearts","home","770","Falkirk",1,0,1,"win",3,8,"49.00","21.00",1,0
"19428204","25598","372286","2026-02-21 15:00:00+03","770","Falkirk","away","314","Hearts",0,1,-1,"lose",0,4,"51.00","60.00",3,0
"19428205","25598","372286","2026-02-22 15:00:00+03","62","Rangers","away","258","Livingston",2,2,0,"draw",1,15,"73.00","30.00",2,0
"19428205","25598","372286","2026-02-22 15:00:00+03","258","Livingston","home","62","Rangers",2,2,0,"draw",1,3,"27.00","29.00",3,1
"19428206","25598","372286","2026-02-21 19:30:00+03","309","Motherwell","away","496","St. Mirren",5,0,5,"win",3,7,"71.00","62.00",0,0
"19428206","25598","372286","2026-02-21 19:30:00+03","496","St. Mirren","home","309","Motherwell",0,5,-5,"lose",0,4,"29.00","69.00",4,1
"19428207","25598","372287","2026-02-28 15:00:00+03","66","Hibernian","away","284","Dundee",3,3,0,"draw",1,6,"57.00","75.00",4,0
"19428207","25598","372287","2026-02-28 15:00:00+03","284","Dundee","home","66","Hibernian",3,3,0,"draw",1,6,"43.00","10.00",1,0
"19428208","25598","372287","2026-02-28 15:00:00+03","180","Kilmarnock","away","770","Falkirk",1,5,-4,"lose",0,2,"50.00","50.00",2,0
"19428208","25598","372287","2026-02-28 15:00:00+03","770","Falkirk","home","180","Kilmarnock",5,1,4,"win",3,3,"50.00","38.00",3,0
"19428209","25598","372287","2026-02-28 15:00:00+03","273","Aberdeen","away","314","Hearts",0,1,-1,"lose",0,4,"47.00","47.00",5,0
"19428209","25598","372287","2026-02-28 15:00:00+03","314","Hearts","home","273","Aberdeen",1,0,1,"win",3,7,"53.00","50.00",3,0
"19428210","25598","372287","2026-02-28 15:00:00+03","258","Livingston","home","496","St. Mirren",1,1,0,"draw",1,7,"51.00","44.00",1,0
"19428210","25598","372287","2026-02-28 15:00:00+03","496","St. Mirren","away","258","Livingston",1,1,0,"draw",1,2,"49.00","63.00",2,0
"19428211","25598","372287","2026-02-28 15:00:00+03","282","Dundee United","away","309","Motherwell",0,2,-2,"lose",0,3,"38.00","57.00",3,0
"19428211","25598","372287","2026-02-28 15:00:00+03","309","Motherwell","home","282","Dundee United",2,0,2,"win",3,5,"62.00","43.00",2,0
"19428212","25598","372287","2026-03-01 12:00:00+03","53","Celtic","away","62","Rangers",2,2,0,"draw",1,7,"55.00","46.00",1,0
"19428212","25598","372287","2026-03-01 12:00:00+03","62","Rangers","home","53","Celtic",2,2,0,"draw",1,6,"45.00","47.00",2,0
"19428213","25598","372288","2026-03-14 15:00:00+03","273","Aberdeen","home","770","Falkirk",1,1,0,"draw",1,4,"42.00","27.00",1,0
"19428213","25598","372288","2026-03-14 15:00:00+03","770","Falkirk","away","273","Aberdeen",1,1,0,"draw",1,10,"58.00","42.00",0,0
"19428214","25598","372288","2026-03-14 15:00:00+03","53","Celtic","home","309","Motherwell",3,1,2,"win",3,2,"47.00","40.00",4,0
"19428214","25598","372288","2026-03-14 15:00:00+03","309","Motherwell","away","53","Celtic",1,3,-2,"lose",0,3,"53.00","47.00",2,1
"19428215","25598","372288","2026-03-15 14:00:00+03","282","Dundee United","away","284","Dundee",2,2,0,"draw",1,7,"43.00","73.00",4,0
"19428215","25598","372288","2026-03-15 14:00:00+03","284","Dundee","home","282","Dundee United",2,2,0,"draw",1,4,"57.00","67.00",1,0
"19428216","25598","372288","2026-03-14 15:00:00+03","66","Hibernian","home","258","Livingston",0,0,0,"draw",1,12,"75.00","43.00",2,0
"19428216","25598","372288","2026-03-14 15:00:00+03","258","Livingston","away","66","Hibernian",0,0,0,"draw",1,0,"25.00","63.00",1,0
"19428217","25598","372288","2026-03-14 20:00:00+03","180","Kilmarnock","home","314","Hearts",1,0,1,"win",3,2,"39.00","74.00",2,0
"19428217","25598","372288","2026-03-14 20:00:00+03","314","Hearts","away","180","Kilmarnock",0,1,-1,"lose",0,9,"61.00","47.00",2,0
"19428218","25598","372288","2026-03-15 12:00:00+03","62","Rangers","away","496","St. Mirren",1,0,1,"win",3,11,"53.00","44.00",1,0
"19428218","25598","372288","2026-03-15 12:00:00+03","496","St. Mirren","home","62","Rangers",0,1,-1,"lose",0,1,"47.00","28.00",0,0
"19428219","25598","372269","2025-12-17 20:00:00+03","53","Celtic","away","282","Dundee United",1,2,-1,"lose",0,6,"73.00","39.00",1,0
"19428219","25598","372269","2025-12-17 20:00:00+03","282","Dundee United","home","53","Celtic",2,1,1,"win",3,7,"27.00","15.00",2,0
"19428220","25598","372289","2026-03-21 15:00:00+03","496","St. Mirren","away","770","Falkirk",2,1,1,"win",3,4,"42.00","31.00",2,0
"19428220","25598","372289","2026-03-21 15:00:00+03","770","Falkirk","home","496","St. Mirren",1,2,-1,"lose",0,7,"58.00","33.00",1,0
"19428221","25598","372289","2026-03-21 15:00:00+03","284","Dundee","away","314","Hearts",0,1,-1,"lose",0,7,"43.00","33.00",2,0
"19428221","25598","372289","2026-03-21 15:00:00+03","314","Hearts","home","284","Dundee",1,0,1,"win",3,4,"57.00","53.00",3,1
"19428222","25598","372289","2026-03-21 15:00:00+03","180","Kilmarnock","home","258","Livingston",2,0,2,"win",3,3,"42.00","50.00",0,0
"19428222","25598","372289","2026-03-21 15:00:00+03","258","Livingston","away","180","Kilmarnock",0,2,-2,"lose",0,4,"58.00","56.00",1,1
"19428223","25598","372289","2026-03-21 15:00:00+03","66","Hibernian","away","309","Motherwell",0,0,0,"draw",1,4,"39.00","38.00",4,0
"19428223","25598","372289","2026-03-21 15:00:00+03","309","Motherwell","home","66","Hibernian",0,0,0,"draw",1,2,"61.00","54.00",3,0
"19428224","25598","372289","2026-03-21 17:45:00+03","62","Rangers","home","273","Aberdeen",4,1,3,"win",3,2,"62.00","33.00",0,0
"19428224","25598","372289","2026-03-21 17:45:00+03","273","Aberdeen","away","62","Rangers",1,4,-3,"lose",0,4,"38.00","36.00",4,0
"19428225","25598","372290","2026-04-05 15:30:00+03","53","Celtic","away","284","Dundee",2,1,1,"win",3,4,"58.00","47.00",2,0
"19428225","25598","372290","2026-04-05 15:30:00+03","284","Dundee","home","53","Celtic",1,2,-1,"lose",0,1,"42.00","38.00",0,1
"19428226","25598","372290","2026-04-04 14:00:00+03","66","Hibernian","home","180","Kilmarnock",3,0,3,"win",3,3,"52.00","50.00",1,0
"19428226","25598","372290","2026-04-04 14:00:00+03","180","Kilmarnock","away","66","Hibernian",0,3,-3,"lose",0,9,"48.00","56.00",3,0
"19428227","25598","372290","2026-04-05 13:00:00+03","258","Livingston","home","314","Hearts",2,2,0,"draw",1,5,"35.00","64.00",2,0
"19428227","25598","372290","2026-04-05 13:00:00+03","314","Hearts","away","258","Livingston",2,2,0,"draw",1,5,"65.00","58.00",1,1
"19428228","25598","372290","2026-04-04 14:00:00+03","309","Motherwell","home","770","Falkirk",2,3,-1,"lose",0,6,"62.00","53.00",2,0
"19428228","25598","372290","2026-04-04 14:00:00+03","770","Falkirk","away","309","Motherwell",3,2,1,"win",3,2,"38.00","33.00",3,0
"19428229","25598","372290","2026-04-04 14:00:00+03","62","Rangers","home","282","Dundee United",4,2,2,"win",3,10,"67.00","60.00",1,0
"19428229","25598","372290","2026-04-04 14:00:00+03","282","Dundee United","away","62","Rangers",2,4,-2,"lose",0,1,"33.00","75.00",2,0
"19428230","25598","372290","2026-04-04 14:00:00+03","273","Aberdeen","away","496","St. Mirren",0,2,-2,"lose",0,5,"43.00","14.00",3,0
"19428230","25598","372290","2026-04-04 14:00:00+03","496","St. Mirren","home","273","Aberdeen",2,0,2,"win",3,8,"57.00","55.00",1,0
"19428231","25598","372291","2026-04-11 14:00:00+03","66","Hibernian","away","273","Aberdeen",0,2,-2,"lose",0,3,"48.00","53.00",2,1
"19428231","25598","372291","2026-04-11 14:00:00+03","273","Aberdeen","home","66","Hibernian",2,0,2,"win",3,3,"52.00","38.00",2,0
"19428232","25598","372291","2026-04-11 14:00:00+03","53","Celtic","home","496","St. Mirren",1,0,1,"win",3,3,"56.00","21.00",0,0
"19428232","25598","372291","2026-04-11 14:00:00+03","496","St. Mirren","away","53","Celtic",0,1,-1,"lose",0,7,"44.00","30.00",2,0
"19428233","25598","372291","2026-04-11 14:00:00+03","258","Livingston","away","282","Dundee United",2,3,-1,"lose",0,3,"49.00","60.00",0,0
"19428233","25598","372291","2026-04-11 14:00:00+03","282","Dundee United","home","258","Livingston",3,2,1,"win",3,4,"51.00","33.00",0,0
"19428234","25598","372291","2026-04-12 11:00:00+03","62","Rangers","away","770","Falkirk",6,3,3,"win",3,1,"48.00","38.00",4,0
"19428234","25598","372291","2026-04-12 11:00:00+03","770","Falkirk","home","62","Rangers",3,6,-3,"lose",0,2,"52.00","41.00",3,0
"19428235","25598","372291","2026-04-11 14:00:00+03","309","Motherwell","away","314","Hearts",1,3,-2,"lose",0,4,"53.00","33.00",2,0
"19428235","25598","372291","2026-04-11 14:00:00+03","314","Hearts","home","309","Motherwell",3,1,2,"win",3,6,"47.00","50.00",1,0
"19428236","25598","372291","2026-04-11 14:00:00+03","180","Kilmarnock","home","284","Dundee",2,2,0,"draw",1,4,"51.00","27.00",4,0
"19428236","25598","372291","2026-04-11 14:00:00+03","284","Dundee","away","180","Kilmarnock",2,2,0,"draw",1,2,"49.00","29.00",2,0
"19590623","25598","372269","2025-11-25 19:45:00+03","66","Hibernian","away","309","Motherwell",0,2,-2,"lose",0,2,"30.00","50.00",1,1
"19590623","25598","372269","2025-11-25 19:45:00+03","309","Motherwell","home","66","Hibernian",2,0,2,"win",3,0,"70.00","43.00",0,0
"19590624","25598","372269","2026-01-06 20:00:00+03","62","Rangers","home","273","Aberdeen",2,0,2,"win",3,7,"64.00","52.00",0,0
"19590624","25598","372269","2026-01-06 20:00:00+03","273","Aberdeen","away","62","Rangers",0,2,-2,"lose",0,4,"36.00","58.00",2,0
"19592463","25598","372289","2026-03-22 12:30:00+03","53","Celtic","away","282","Dundee United",0,2,-2,"lose",0,6,"74.00","45.00",2,0
"19592463","25598","372289","2026-03-22 12:30:00+03","282","Dundee United","home","53","Celtic",2,0,2,"win",3,7,"26.00","62.00",2,0
"19700202","25598","405706","2026-05-17 13:00:00+03","282","Dundee United","away","496","St. Mirren",1,1,0,"draw",1,2,"51.00","60.00",2,0
"19700202","25598","405706","2026-05-17 13:00:00+03","496","St. Mirren","home","282","Dundee United",1,1,0,"draw",1,10,"49.00","58.00",0,0
"19700203","25598","405706","2026-05-17 13:00:00+03","180","Kilmarnock","away","258","Livingston",4,1,3,"win",3,1,"48.00","61.00",2,0
"19700203","25598","405706","2026-05-17 13:00:00+03","258","Livingston","home","180","Kilmarnock",1,4,-3,"lose",0,6,"52.00","45.00",1,0
"19700204","25598","405706","2026-05-17 13:00:00+03","273","Aberdeen","away","284","Dundee",2,3,-1,"lose",0,2,"44.00","40.00",0,0
"19700204","25598","405706","2026-05-17 13:00:00+03","284","Dundee","home","273","Aberdeen",3,2,1,"win",3,7,"56.00","29.00",0,0
"19700205","25598","405706","2026-05-16 11:30:00+03","66","Hibernian","home","309","Motherwell",0,1,-1,"lose",0,7,"49.00","40.00",5,0
"19700205","25598","405706","2026-05-16 11:30:00+03","309","Motherwell","away","66","Hibernian",1,0,1,"win",3,4,"51.00","42.00",5,1
"19700206","25598","405706","2026-05-16 11:30:00+03","62","Rangers","away","770","Falkirk",5,2,3,"win",3,4,"45.00","45.00",0,0
"19700206","25598","405706","2026-05-16 11:30:00+03","770","Falkirk","home","62","Rangers",2,5,-3,"lose",0,7,"55.00","63.00",3,0
"19700207","25598","405706","2026-05-16 11:30:00+03","53","Celtic","home","314","Hearts",3,1,2,"win",3,9,"67.00","50.00",6,0
"19700207","25598","405706","2026-05-16 11:30:00+03","314","Hearts","away","53","Celtic",1,3,-2,"lose",0,6,"33.00","56.00",3,0
"19700208","25598","405707","2026-05-13 19:00:00+03","62","Rangers","home","66","Hibernian",1,2,-1,"lose",0,9,"72.00","44.00",2,0
"19700208","25598","405707","2026-05-13 19:00:00+03","66","Hibernian","away","62","Rangers",2,1,1,"win",3,3,"28.00","57.00",2,0
"19700209","25598","405707","2026-05-13 19:00:00+03","53","Celtic","away","309","Motherwell",3,2,1,"win",3,3,"52.00","36.00",3,0
"19700209","25598","405707","2026-05-13 19:00:00+03","309","Motherwell","home","53","Celtic",2,3,-1,"lose",0,4,"48.00","60.00",2,0
"19700210","25598","405707","2026-05-13 19:00:00+03","314","Hearts","home","770","Falkirk",3,0,3,"win",3,5,"65.00","26.00",1,0
"19700210","25598","405707","2026-05-13 19:00:00+03","770","Falkirk","away","314","Hearts",0,3,-3,"lose",0,5,"35.00","33.00",3,0
"19700211","25598","405707","2026-05-12 18:45:00+03","180","Kilmarnock","home","284","Dundee",3,1,2,"win",3,6,"52.00","57.00",4,0
"19700211","25598","405707","2026-05-12 18:45:00+03","284","Dundee","away","180","Kilmarnock",1,3,-2,"lose",0,2,"48.00","33.00",3,0
"19700212","25598","405707","2026-05-12 18:45:00+03","258","Livingston","away","282","Dundee United",0,0,0,"draw",1,8,"52.00","67.00",4,0
"19700212","25598","405707","2026-05-12 18:45:00+03","282","Dundee United","home","258","Livingston",0,0,0,"draw",1,7,"48.00","33.00",2,0
"19700213","25598","405707","2026-05-12 18:45:00+03","273","Aberdeen","home","496","St. Mirren",0,2,-2,"lose",0,6,"58.00","31.00",1,0
"19700213","25598","405707","2026-05-12 18:45:00+03","496","St. Mirren","away","273","Aberdeen",2,0,2,"win",3,1,"42.00","60.00",2,0
"19700214","25598","405708","2026-05-10 11:00:00+03","53","Celtic","home","62","Rangers",3,1,2,"win",3,1,"51.00","40.00",6,0
"19700214","25598","405708","2026-05-10 11:00:00+03","62","Rangers","away","53","Celtic",1,3,-2,"lose",0,7,"49.00","56.00",2,0
"19700215","25598","405708","2026-05-09 19:00:00+03","309","Motherwell","home","314","Hearts",1,1,0,"draw",1,2,"47.00","30.00",1,0
"19700215","25598","405708","2026-05-09 19:00:00+03","314","Hearts","away","309","Motherwell",1,1,0,"draw",1,6,"53.00","45.00",3,0
"19700216","25598","405708","2026-05-09 14:00:00+03","180","Kilmarnock","away","496","St. Mirren",3,0,3,"win",3,4,"41.00","38.00",1,0
"19700216","25598","405708","2026-05-09 14:00:00+03","496","St. Mirren","home","180","Kilmarnock",0,3,-3,"lose",0,1,"59.00","40.00",3,0
"19700217","25598","405708","2026-05-09 14:00:00+03","258","Livingston","away","284","Dundee",0,3,-3,"lose",0,5,"57.00","40.00",1,0
"19700217","25598","405708","2026-05-09 14:00:00+03","284","Dundee","home","258","Livingston",3,0,3,"win",3,7,"43.00","54.00",1,0
"19700218","25598","405708","2026-05-09 14:00:00+03","273","Aberdeen","home","282","Dundee United",2,0,2,"win",3,4,"51.00","53.00",1,0
"19700218","25598","405708","2026-05-09 14:00:00+03","282","Dundee United","away","273","Aberdeen",0,2,-2,"lose",0,2,"49.00","50.00",5,1
"19700219","25598","405708","2026-05-09 14:00:00+03","66","Hibernian","away","770","Falkirk",3,1,2,"win",3,5,"32.00","50.00",1,0
"19700219","25598","405708","2026-05-09 14:00:00+03","770","Falkirk","home","66","Hibernian",1,3,-2,"lose",0,6,"68.00","46.00",0,0
"19700220","25598","405709","2026-05-04 16:30:00+03","62","Rangers","away","314","Hearts",1,2,-1,"lose",0,6,"58.00","30.00",2,0
"19700220","25598","405709","2026-05-04 16:30:00+03","314","Hearts","home","62","Rangers",2,1,1,"win",3,2,"42.00","30.00",1,0
"19700221","25598","405709","2026-05-03 11:00:00+03","53","Celtic","away","66","Hibernian",2,1,1,"win",3,13,"81.00","50.00",3,0
"19700221","25598","405709","2026-05-03 11:00:00+03","66","Hibernian","home","53","Celtic",1,2,-1,"lose",0,0,"19.00","83.00",3,1
"19700222","25598","405709","2026-05-02 14:00:00+03","180","Kilmarnock","home","282","Dundee United",3,0,3,"win",3,4,"41.00","50.00",0,0
"19700222","25598","405709","2026-05-02 14:00:00+03","282","Dundee United","away","180","Kilmarnock",0,3,-3,"lose",0,8,"59.00","55.00",1,0
"19700223","25598","405709","2026-05-02 14:00:00+03","284","Dundee","home","496","St. Mirren",1,0,1,"win",3,5,"39.00","59.00",1,0
"19700223","25598","405709","2026-05-02 14:00:00+03","496","St. Mirren","away","284","Dundee",0,1,-1,"lose",0,6,"61.00","36.00",2,0
"19700224","25598","405709","2026-05-02 14:00:00+03","309","Motherwell","away","770","Falkirk",0,1,-1,"lose",0,5,"51.00","44.00",5,0
"19700224","25598","405709","2026-05-02 14:00:00+03","770","Falkirk","home","309","Motherwell",1,0,1,"win",3,2,"49.00","38.00",4,0
"19700225","25598","405709","2026-05-01 18:45:00+03","258","Livingston","home","273","Aberdeen",2,2,0,"draw",1,6,"50.00","53.00",3,0
"19700225","25598","405709","2026-05-01 18:45:00+03","273","Aberdeen","away","258","Livingston",2,2,0,"draw",1,3,"50.00","50.00",1,0
"19700226","25598","405710","2026-04-26 15:30:00+03","66","Hibernian","home","314","Hearts",1,2,-1,"lose",0,0,"24.00","57.00",5,2
"19700226","25598","405710","2026-04-26 15:30:00+03","314","Hearts","away","66","Hibernian",2,1,1,"win",3,11,"76.00","31.00",3,0
"19700227","25598","405710","2026-04-26 14:00:00+03","62","Rangers","home","309","Motherwell",2,3,-1,"lose",0,7,"51.00","73.00",1,0
"19700227","25598","405710","2026-04-26 14:00:00+03","309","Motherwell","away","62","Rangers",3,2,1,"win",3,5,"49.00","27.00",2,0
"19700228","25598","405710","2026-04-26 13:00:00+03","282","Dundee United","home","284","Dundee",3,0,3,"win",3,2,"49.00","29.00",1,0
"19700228","25598","405710","2026-04-26 13:00:00+03","284","Dundee","away","282","Dundee United",0,3,-3,"lose",0,4,"51.00","42.00",0,0
"19700229","25598","405710","2026-04-25 16:30:00+03","53","Celtic","home","770","Falkirk",3,1,2,"win",3,9,"55.00","64.00",2,0
"19700229","25598","405710","2026-04-25 16:30:00+03","770","Falkirk","away","53","Celtic",1,3,-2,"lose",0,7,"45.00","50.00",3,0
"19700230","25598","405710","2026-04-25 14:00:00+03","258","Livingston","away","496","St. Mirren",2,0,2,"win",3,7,"37.00","29.00",2,0
"19700230","25598","405710","2026-04-25 14:00:00+03","496","St. Mirren","home","258","Livingston",0,2,-2,"lose",0,8,"63.00","42.00",2,0
"19700231","25598","405710","2026-04-25 14:00:00+03","180","Kilmarnock","away","273","Aberdeen",0,1,-1,"lose",0,5,"58.00","47.00",4,0
"19700231","25598","405710","2026-04-25 14:00:00+03","273","Aberdeen","home","180","Kilmarnock",1,0,1,"win",3,6,"42.00","57.00",1,0
